cohorts_month,life_month,active_players,paying_players,active_subscribers,total_sub_revenue,total_purchase_revenue,total_items_bought,cohort_size,retention_rate
2016-01-01,0.0,1360,494,74,22000.0,389460.67,1531.0,1360,1.0
2016-01-01,1.0,1058,419,125,36600.0,347939.88,1357.0,1360,0.7779411764705882
2016-01-01,2.0,812,378,132,38500.0,299022.84,1225.0,1360,0.5970588235294118
2016-01-01,3.0,624,313,142,43100.0,215529.11,874.0,1360,0.4588235294117647
2016-01-01,4.0,498,275,130,39200.0,205173.99,799.0,1360,0.36617647058823527
2016-01-01,5.0,419,235,119,34900.0,181004.72,713.0,1360,0.30808823529411766
2016-01-01,6.0,350,194,104,28600.0,139806.72,534.0,1360,0.25735294117647056
2016-01-01,7.0,289,161,88,24400.0,113365.61,465.0,1360,0.2125
2016-01-01,8.0,252,139,73,19900.0,102483.12,392.0,1360,0.18529411764705883
2016-01-01,9.0,219,115,58,16000.0,73869.8,280.0,1360,0.1610294117647059
2016-01-01,10.0,197,103,52,14800.0,65996.52,280.0,1360,0.1448529411764706
2016-01-01,11.0,189,86,49,14400.0,68617.76,274.0,1360,0.13897058823529412
2016-01-01,12.0,199,99,50,14000.0,68803.54,290.0,1360,0.1463235294117647
2016-01-01,13.0,186,103,45,12500.0,74192.72,314.0,1360,0.13676470588235295
2016-01-01,14.0,175,102,42,12200.0,75268.43,265.0,1360,0.12867647058823528
2016-01-01,15.0,174,93,42,12700.0,63490.71,269.0,1360,0.12794117647058822
2016-01-01,16.0,167,80,34,10200.0,50631.409999999996,201.0,1360,0.12279411764705882
2016-01-01,17.0,157,76,34,10900.0,53412.09,214.0,1360,0.11544117647058824
2016-01-01,18.0,161,78,30,8700.0,58693.96,223.0,1360,0.11838235294117647
2016-01-01,19.0,166,71,35,10500.0,60593.51,250.0,1360,0.12205882352941176
2016-01-01,20.0,164,89,38,12300.0,69357.43,286.0,1360,0.12058823529411765
2016-01-01,21.0,167,75,37,11600.0,66097.06999999999,252.0,1360,0.12279411764705882
2016-01-01,22.0,154,72,35,11100.0,48184.2,202.0,1360,0.11323529411764706
2016-01-01,23.0,152,76,39,13000.0,61887.81,242.0,1360,0.11176470588235295
2016-01-01,24.0,131,79,39,12700.0,50869.42,200.0,1360,0.09632352941176471
2016-01-01,25.0,143,72,34,11300.0,51290.72,198.0,1360,0.10514705882352941
2016-01-01,26.0,160,77,36,11300.0,55994.86,224.0,1360,0.11764705882352941
2016-01-01,27.0,155,75,33,10300.0,46396.270000000004,205.0,1360,0.11397058823529412
2016-01-01,28.0,156,88,37,10600.0,67419.21,276.0,1360,0.11470588235294117
2016-01-01,29.0,156,90,44,12600.0,70214.87,299.0,1360,0.11470588235294117
2016-01-01,30.0,164,81,44,13200.0,77029.3,293.0,1360,0.12058823529411765
2016-01-01,31.0,167,88,39,11000.0,74164.36,279.0,1360,0.12279411764705882
2016-01-01,32.0,165,101,50,16400.0,74921.68000000001,304.0,1360,0.1213235294117647
2016-01-01,33.0,160,98,54,17500.0,51040.54,191.0,1360,0.11764705882352941
2016-01-01,34.0,163,90,45,13900.0,66946.51,275.0,1360,0.11985294117647059
2016-01-01,35.0,159,94,46,13300.0,73157.41,280.0,1360,0.11691176470588235
2016-01-01,36.0,172,80,47,13800.0,63926.02,267.0,1360,0.1264705882352941
2016-01-01,37.0,165,89,42,12200.0,71815.04,278.0,1360,0.1213235294117647
2016-01-01,38.0,154,81,35,10500.0,41227.77,176.0,1360,0.11323529411764706
2016-01-01,39.0,146,74,36,11900.0,60535.04,242.0,1360,0.10735294117647058
2016-01-01,40.0,167,71,35,11300.0,53918.46,229.0,1360,0.12279411764705882
2016-01-01,41.0,162,70,33,10700.0,55190.92,214.0,1360,0.11911764705882352
2016-01-01,42.0,175,85,38,12900.0,65269.35,269.0,1360,0.12867647058823528
2016-01-01,43.0,177,95,38,12300.0,63214.05,252.0,1360,0.13014705882352942
2016-01-01,44.0,162,83,36,12000.0,60604.45,243.0,1360,0.11911764705882352
2016-01-01,45.0,146,81,38,12100.0,53929.15,211.0,1360,0.10735294117647058
2016-01-01,46.0,157,87,40,12400.0,70111.61,286.0,1360,0.11544117647058824
2016-01-01,47.0,152,75,40,11900.0,48797.71,216.0,1360,0.11176470588235295
2016-01-01,48.0,151,81,42,12600.0,63670.3,247.0,1360,0.11102941176470588
2016-01-01,49.0,138,72,36,10800.0,44545.01,186.0,1360,0.10147058823529412
2016-01-01,50.0,153,76,33,9000.0,41893.53,166.0,1360,0.1125
2016-01-01,51.0,161,82,34,9400.0,73061.0,274.0,1360,0.11838235294117647
2016-01-01,52.0,154,81,33,9200.0,50808.52,201.0,1360,0.11323529411764706
2016-01-01,53.0,157,76,32,9500.0,67783.46,246.0,1360,0.11544117647058824
2016-01-01,54.0,153,77,35,9800.0,66260.22,270.0,1360,0.1125
2016-01-01,55.0,167,86,37,9700.0,66211.13,258.0,1360,0.12279411764705882
2016-01-01,56.0,150,86,42,11300.0,63683.19,253.0,1360,0.11029411764705882
2016-01-01,57.0,159,80,40,10600.0,58057.18,224.0,1360,0.11691176470588235
2016-01-01,58.0,159,82,35,9400.0,54519.48,233.0,1360,0.11691176470588235
2016-01-01,59.0,155,82,36,9300.0,61856.67,254.0,1360,0.11397058823529412
2016-01-01,60.0,163,82,36,9800.0,73177.38,273.0,1360,0.11985294117647059
2016-01-01,61.0,169,81,40,11300.0,69693.66,294.0,1360,0.12426470588235294
2016-01-01,62.0,166,80,38,11000.0,64779.08,273.0,1360,0.12205882352941176
2016-01-01,63.0,168,82,34,9700.0,54781.93,236.0,1360,0.12352941176470589
2016-01-01,64.0,171,83,33,8700.0,55820.19,210.0,1360,0.12573529411764706
2016-01-01,65.0,168,75,36,9300.0,69470.0,275.0,1360,0.12352941176470589
2016-01-01,66.0,171,84,41,11400.0,67990.95,275.0,1360,0.12573529411764706
2016-01-01,67.0,154,78,38,10500.0,60392.95,227.0,1360,0.11323529411764706
2016-01-01,68.0,165,88,42,11800.0,65535.8,251.0,1360,0.1213235294117647
2016-01-01,69.0,165,85,39,11500.0,57608.98,230.0,1360,0.1213235294117647
2016-01-01,70.0,155,78,34,9800.0,47140.83,194.0,1360,0.11397058823529412
2016-01-01,71.0,156,81,32,9100.0,47014.6,192.0,1360,0.11470588235294117
2016-01-01,72.0,150,77,35,10300.0,53675.09,215.0,1360,0.11029411764705882
2016-01-01,73.0,158,77,33,8700.0,64554.26,241.0,1360,0.1161764705882353
2016-01-01,74.0,143,72,35,9100.0,45770.48,195.0,1360,0.10514705882352941
2016-01-01,75.0,151,73,31,8000.0,55691.94,229.0,1360,0.11102941176470588
2016-01-01,76.0,144,67,28,6500.0,57542.04,227.0,1360,0.10588235294117647
2016-01-01,77.0,159,82,28,6800.0,51389.99,215.0,1360,0.11691176470588235
2016-01-01,78.0,152,75,33,8400.0,49097.23,189.0,1360,0.11176470588235295
2016-01-01,79.0,145,76,29,7600.0,45689.9,180.0,1360,0.10661764705882353
2016-01-01,80.0,165,73,32,9100.0,51203.34,192.0,1360,0.1213235294117647
2016-01-01,81.0,156,79,29,8700.0,42779.72,180.0,1360,0.11470588235294117
2016-01-01,82.0,158,66,28,8600.0,45521.6,173.0,1360,0.1161764705882353
2016-01-01,83.0,162,72,34,10700.0,57534.409999999996,226.0,1360,0.11911764705882352
2016-01-01,84.0,144,66,34,10100.0,55077.06,214.0,1360,0.10588235294117647
2016-02-01,0.0,1263,480,76,21800.0,385528.58,1482.0,1263,1.0
2016-02-01,1.0,997,394,122,36800.0,373355.55,1410.0,1263,0.7893903404592241
2016-02-01,2.0,779,357,133,39100.0,301289.83,1231.0,1263,0.6167854315122724
2016-02-01,3.0,646,314,145,42100.0,256081.88,1006.0,1263,0.5114806017418844
2016-02-01,4.0,508,264,126,36800.0,208569.11,784.0,1263,0.40221694378463974
2016-02-01,5.0,413,241,115,33100.0,201100.73,789.0,1263,0.3269992082343626
2016-02-01,6.0,344,206,122,36200.0,138173.11,564.0,1263,0.2723673792557403
2016-02-01,7.0,286,183,95,26800.0,111636.44,452.0,1263,0.22644497228820268
2016-02-01,8.0,257,151,85,23300.0,100599.83,356.0,1263,0.2034837688044339
2016-02-01,9.0,215,124,72,19500.0,76858.6,321.0,1263,0.1702296120348377
2016-02-01,10.0,185,113,59,15100.0,85140.01,329.0,1263,0.14647664291369755
2016-02-01,11.0,170,106,59,16700.0,73561.79,291.0,1263,0.13460015835312747
2016-02-01,12.0,164,102,57,16600.0,80608.67,331.0,1263,0.12984956452889945
2016-02-01,13.0,162,92,50,14600.0,91733.52,353.0,1263,0.12826603325415678
2016-02-01,14.0,152,88,52,15600.0,59418.08,239.0,1263,0.12034837688044339
2016-02-01,15.0,149,88,47,13700.0,60429.54,209.0,1263,0.11797307996832937
2016-02-01,16.0,148,91,40,12000.0,59372.6,231.0,1263,0.11718131433095803
2016-02-01,17.0,143,74,42,12000.0,48946.520000000004,204.0,1263,0.11322248614410134
2016-02-01,18.0,147,83,43,12200.0,56752.1,203.0,1263,0.1163895486935867
2016-02-01,19.0,149,74,32,9400.0,58359.33,218.0,1263,0.11797307996832937
2016-02-01,20.0,156,78,30,9000.0,72062.38,277.0,1263,0.12351543942992874
2016-02-01,21.0,153,78,32,11000.0,59592.24,227.0,1263,0.12114014251781473
2016-02-01,22.0,142,69,28,9600.0,57257.24,232.0,1263,0.11243072050673
2016-02-01,23.0,139,59,29,8700.0,45891.07,170.0,1263,0.110055423594616
2016-02-01,24.0,139,74,30,9200.0,56614.61,224.0,1263,0.110055423594616
2016-02-01,25.0,128,61,28,9000.0,50346.81,194.0,1263,0.10134600158353127
2016-02-01,26.0,137,68,29,8800.0,58183.71,203.0,1263,0.10847189231987332
2016-02-01,27.0,147,70,31,9900.0,55153.45,207.0,1263,0.1163895486935867
2016-02-01,28.0,160,82,40,11500.0,71525.15,277.0,1263,0.12668250197941408
2016-02-01,29.0,159,85,45,13100.0,62839.4,245.0,1263,0.12589073634204276
2016-02-01,30.0,149,90,42,12400.0,65840.01,279.0,1263,0.11797307996832937
2016-02-01,31.0,134,69,36,10200.0,47688.94,176.0,1263,0.1060965954077593
2016-02-01,32.0,135,68,34,10100.0,42650.02,166.0,1263,0.10688836104513064
2016-02-01,33.0,136,82,31,9500.0,48870.76,200.0,1263,0.10768012668250197
2016-02-01,34.0,134,69,31,8900.0,45991.5,172.0,1263,0.1060965954077593
2016-02-01,35.0,137,55,28,8200.0,42767.11,167.0,1263,0.10847189231987332
2016-02-01,36.0,128,62,31,9700.0,47580.07,203.0,1263,0.10134600158353127
2016-02-01,37.0,139,59,33,10100.0,48949.19,202.0,1263,0.110055423594616
2016-02-01,38.0,136,62,31,8600.0,49741.05,196.0,1263,0.10768012668250197
2016-02-01,39.0,134,70,31,9500.0,51548.07,213.0,1263,0.1060965954077593
2016-02-01,40.0,133,72,32,10300.0,53606.39,223.0,1263,0.10530482977038796
2016-02-01,41.0,138,68,35,11800.0,51879.54,223.0,1263,0.10926365795724466
2016-02-01,42.0,140,73,36,12100.0,55498.06,231.0,1263,0.11084718923198733
2016-02-01,43.0,133,71,31,9400.0,43158.04,171.0,1263,0.10530482977038796
2016-02-01,44.0,122,65,30,9600.0,48109.37,202.0,1263,0.09659540775930324
2016-02-01,45.0,125,69,35,11700.0,46294.34,198.0,1263,0.09897070467141726
2016-02-01,46.0,137,70,30,10100.0,40097.43,171.0,1263,0.10847189231987332
2016-02-01,47.0,149,70,30,10100.0,47930.27,177.0,1263,0.11797307996832937
2016-02-01,48.0,153,61,23,7500.0,43614.11,185.0,1263,0.12114014251781473
2016-02-01,49.0,151,67,26,8200.0,53345.1,209.0,1263,0.11955661124307206
2016-02-01,50.0,151,81,36,10500.0,70719.5,264.0,1263,0.11955661124307206
2016-02-01,51.0,154,76,36,9900.0,57488.14,212.0,1263,0.12193190815518606
2016-02-01,52.0,155,71,35,11100.0,60286.9,245.0,1263,0.1227236737925574
2016-02-01,53.0,154,79,35,10700.0,62261.81,252.0,1263,0.12193190815518606
2016-02-01,54.0,148,81,37,11200.0,50415.42,201.0,1263,0.11718131433095803
2016-02-01,55.0,152,83,35,10800.0,59511.89,219.0,1263,0.12034837688044339
2016-02-01,56.0,135,76,33,9400.0,55668.3,221.0,1263,0.10688836104513064
2016-02-01,57.0,135,68,36,9300.0,50213.0,214.0,1263,0.10688836104513064
2016-02-01,58.0,142,69,31,9300.0,41268.43,162.0,1263,0.11243072050673
2016-02-01,59.0,143,72,30,9200.0,58907.020000000004,227.0,1263,0.11322248614410134
2016-02-01,60.0,145,77,28,8900.0,59923.35,238.0,1263,0.11480601741884403
2016-02-01,61.0,143,73,35,11200.0,58461.01,256.0,1263,0.11322248614410134
2016-02-01,62.0,133,78,36,11100.0,58996.02,238.0,1263,0.10530482977038796
2016-02-01,63.0,129,69,30,9300.0,52126.1,214.0,1263,0.1021377672209026
2016-02-01,64.0,137,58,27,9300.0,47805.51,201.0,1263,0.10847189231987332
2016-02-01,65.0,146,61,26,8500.0,48099.97,198.0,1263,0.11559778305621536
2016-02-01,66.0,145,73,30,9900.0,59107.78,228.0,1263,0.11480601741884403
2016-02-01,67.0,136,67,36,13000.0,53480.15,227.0,1263,0.10768012668250197
2016-02-01,68.0,138,66,36,11600.0,59945.61,245.0,1263,0.10926365795724466
2016-02-01,69.0,144,71,33,11100.0,54991.88,233.0,1263,0.11401425178147269
2016-02-01,70.0,146,81,34,12200.0,66499.6,229.0,1263,0.11559778305621536
2016-02-01,71.0,145,66,36,12200.0,55672.36,229.0,1263,0.11480601741884403
2016-02-01,72.0,155,76,32,10200.0,57188.64,236.0,1263,0.1227236737925574
2016-02-01,73.0,167,71,36,11300.0,46107.04,198.0,1263,0.13222486144101345
2016-02-01,74.0,169,74,36,10900.0,51615.13,225.0,1263,0.13380839271575615
2016-02-01,75.0,168,78,40,10300.0,66331.26,260.0,1263,0.1330166270783848
2016-02-01,76.0,162,81,44,10800.0,64487.84,251.0,1263,0.12826603325415678
2016-02-01,77.0,162,92,45,11000.0,69983.54,298.0,1263,0.12826603325415678
2016-02-01,78.0,161,80,42,11800.0,62033.95,242.0,1263,0.12747426761678543
2016-02-01,79.0,157,76,37,11100.0,58083.590000000004,242.0,1263,0.12430720506730007
2016-02-01,80.0,154,72,33,9800.0,52189.12,208.0,1263,0.12193190815518606
2016-02-01,81.0,156,71,34,9400.0,58827.57,227.0,1263,0.12351543942992874
2016-02-01,82.0,158,78,35,9900.0,63987.53,251.0,1263,0.1250989707046714
2016-02-01,83.0,169,87,37,10300.0,74112.78,264.0,1263,0.13380839271575615
2016-03-01,0.0,209,61,5,1600.0,45901.27,168.0,209,1.0
2016-03-01,1.0,151,61,13,4400.0,50990.55,200.0,209,0.722488038277512
2016-03-01,2.0,124,48,12,3900.0,31906.739999999998,116.0,209,0.5933014354066986
2016-03-01,3.0,95,39,13,3500.0,30324.06,117.0,209,0.45454545454545453
2016-03-01,4.0,80,39,15,4200.0,31910.26,118.0,209,0.3827751196172249
2016-03-01,5.0,64,30,18,4800.0,21210.06,85.0,209,0.3062200956937799
2016-03-01,6.0,51,29,18,4500.0,11537.3,54.0,209,0.24401913875598086
2016-03-01,7.0,50,22,12,3300.0,15803.72,62.0,209,0.23923444976076555
2016-03-01,8.0,41,13,6,2000.0,14045.220000000001,56.0,209,0.19617224880382775
2016-03-01,9.0,38,19,4,1100.0,15329.550000000001,61.0,209,0.18181818181818182
2016-03-01,10.0,32,13,6,1800.0,13099.04,47.0,209,0.15311004784688995
2016-03-01,11.0,30,13,7,2000.0,11717.68,38.0,209,0.14354066985645933
2016-03-01,12.0,27,8,5,1600.0,6092.41,27.0,209,0.1291866028708134
2016-03-01,13.0,25,10,5,1600.0,5897.82,28.0,209,0.11961722488038277
2016-03-01,14.0,22,13,6,1800.0,9820.46,32.0,209,0.10526315789473684
2016-03-01,15.0,28,14,6,1800.0,10771.039999999999,44.0,209,0.1339712918660287
2016-03-01,16.0,22,8,5,1600.0,4317.2,22.0,209,0.10526315789473684
2016-03-01,17.0,26,12,7,2000.0,7354.74,26.0,209,0.12440191387559808
2016-03-01,18.0,23,14,5,1300.0,10737.68,33.0,209,0.11004784688995216
2016-03-01,19.0,22,12,3,900.0,10229.79,38.0,209,0.10526315789473684
2016-03-01,20.0,22,10,2,400.0,6473.21,27.0,209,0.10526315789473684
2016-03-01,21.0,23,4,1,200.0,1560.0,10.0,209,0.11004784688995216
2016-03-01,22.0,25,7,2,400.0,5102.95,20.0,209,0.11961722488038277
2016-03-01,23.0,27,10,2,400.0,7295.25,31.0,209,0.1291866028708134
2016-03-01,24.0,27,7,3,900.0,6512.6,28.0,209,0.1291866028708134
2016-03-01,25.0,23,8,4,1100.0,7130.52,30.0,209,0.11004784688995216
2016-03-01,26.0,27,8,4,1100.0,7820.1900000000005,39.0,209,0.1291866028708134
2016-03-01,27.0,25,12,6,2000.0,10120.26,43.0,209,0.11961722488038277
2016-03-01,28.0,26,12,6,1700.0,8236.9,35.0,209,0.12440191387559808
2016-03-01,29.0,24,11,4,1600.0,5592.15,24.0,209,0.11483253588516747
2016-03-01,30.0,25,11,3,1200.0,10327.03,35.0,209,0.11961722488038277
2016-03-01,31.0,24,15,5,1900.0,10500.4,42.0,209,0.11483253588516747
2016-03-01,32.0,29,10,4,1700.0,9819.68,41.0,209,0.13875598086124402
2016-03-01,33.0,28,10,5,2400.0,15930.9,55.0,209,0.1339712918660287
2016-03-01,34.0,28,17,7,2300.0,16587.3,64.0,209,0.1339712918660287
2016-03-01,35.0,30,16,8,2500.0,12124.75,45.0,209,0.14354066985645933
2016-03-01,36.0,30,12,9,2400.0,11788.5,44.0,209,0.14354066985645933
2016-03-01,37.0,27,19,8,2200.0,11601.17,46.0,209,0.1291866028708134
2016-03-01,38.0,28,16,8,2800.0,17443.6,71.0,209,0.1339712918660287
2016-03-01,39.0,25,14,8,2800.0,3346.9,16.0,209,0.11961722488038277
2016-03-01,40.0,26,15,8,2200.0,15150.880000000001,56.0,209,0.12440191387559808
2016-03-01,41.0,28,19,9,2700.0,16402.86,66.0,209,0.1339712918660287
2016-03-01,42.0,21,14,9,2700.0,11782.97,47.0,209,0.10047846889952153
2016-03-01,43.0,18,14,7,2000.0,15190.07,50.0,209,0.0861244019138756
2016-03-01,44.0,19,8,6,1500.0,7952.82,29.0,209,0.09090909090909091
2016-03-01,45.0,14,9,6,1200.0,8938.2,30.0,209,0.06698564593301436
2016-03-01,46.0,20,10,4,800.0,3754.84,19.0,209,0.09569377990430622
2016-03-01,47.0,20,8,3,600.0,5166.83,26.0,209,0.09569377990430622
2016-03-01,48.0,24,7,3,600.0,5974.08,25.0,209,0.11483253588516747
2016-03-01,49.0,21,9,2,400.0,5172.4400000000005,24.0,209,0.10047846889952153
2016-03-01,50.0,18,6,1,200.0,4325.0,17.0,209,0.0861244019138756
2016-03-01,51.0,26,11,2,400.0,9582.07,41.0,209,0.12440191387559808
2016-03-01,52.0,21,10,4,1300.0,12036.38,42.0,209,0.10047846889952153
2016-03-01,53.0,25,9,5,1300.0,5804.24,23.0,209,0.11961722488038277
2016-03-01,54.0,22,14,4,1100.0,10720.4,45.0,209,0.10526315789473684
2016-03-01,55.0,25,11,5,1600.0,12790.07,43.0,209,0.11961722488038277
2016-03-01,56.0,24,11,5,1600.0,6574.16,30.0,209,0.11483253588516747
2016-03-01,57.0,17,10,5,1600.0,9373.93,40.0,209,0.08133971291866028
2016-03-01,58.0,18,10,5,1600.0,5958.69,24.0,209,0.0861244019138756
2016-03-01,59.0,24,15,5,1600.0,8222.61,32.0,209,0.11483253588516747
2016-03-01,60.0,27,11,4,1100.0,12523.33,37.0,209,0.1291866028708134
2016-03-01,61.0,23,10,5,1300.0,7998.360000000001,26.0,209,0.11004784688995216
2016-03-01,62.0,19,7,4,800.0,6893.6,25.0,209,0.09090909090909091
2016-03-01,63.0,15,8,3,600.0,8440.69,29.0,209,0.07177033492822966
2016-03-01,64.0,19,12,5,1300.0,7566.530000000001,36.0,209,0.09090909090909091
2016-03-01,65.0,25,13,5,1300.0,11839.24,47.0,209,0.11961722488038277
2016-03-01,66.0,21,10,5,1600.0,10188.380000000001,43.0,209,0.10047846889952153
2016-03-01,67.0,21,12,7,2000.0,14750.4,53.0,209,0.10047846889952153
2016-03-01,68.0,20,12,7,2000.0,7709.98,38.0,209,0.09569377990430622
2016-03-01,69.0,14,13,7,2000.0,3056.4,13.0,209,0.06698564593301436
2016-03-01,70.0,18,8,5,1600.0,5382.89,25.0,209,0.0861244019138756
2016-03-01,71.0,18,10,5,1900.0,6070.57,29.0,209,0.0861244019138756
2016-03-01,72.0,21,10,7,3000.0,8274.53,38.0,209,0.10047846889952153
2016-03-01,73.0,26,15,8,3000.0,10033.71,33.0,209,0.12440191387559808
2016-03-01,74.0,25,16,7,2000.0,13702.01,53.0,209,0.11961722488038277
2016-03-01,75.0,31,15,7,2000.0,13020.82,49.0,209,0.14832535885167464
2016-03-01,76.0,34,12,6,1800.0,11802.74,44.0,209,0.16267942583732056
2016-03-01,77.0,30,13,8,2200.0,7588.98,39.0,209,0.14354066985645933
2016-03-01,78.0,29,19,9,2400.0,12669.84,50.0,209,0.13875598086124402
2016-03-01,79.0,24,15,8,2200.0,6074.23,21.0,209,0.11483253588516747
2016-03-01,80.0,25,14,9,2700.0,6913.58,30.0,209,0.11961722488038277
2016-03-01,81.0,25,10,6,2100.0,6876.04,25.0,209,0.11961722488038277
2016-03-01,82.0,22,12,3,1200.0,7365.0,25.0,209,0.10526315789473684
2016-04-01,0.0,197,63,10,2300.0,48448.69,196.0,197,1.0
2016-04-01,1.0,159,55,17,5000.0,46283.72,175.0,197,0.8071065989847716
2016-04-01,2.0,117,45,20,5400.0,32023.760000000002,132.0,197,0.5939086294416244
2016-04-01,3.0,89,43,19,5700.0,36547.67,159.0,197,0.4517766497461929
2016-04-01,4.0,77,39,19,5800.0,30846.22,120.0,197,0.39086294416243655
2016-04-01,5.0,62,39,21,6000.0,31611.65,120.0,197,0.3147208121827411
2016-04-01,6.0,51,34,23,7500.0,34153.3,114.0,197,0.25888324873096447
2016-04-01,7.0,45,27,18,6000.0,18369.5,73.0,197,0.22842639593908629
2016-04-01,8.0,40,25,16,5000.0,12606.34,48.0,197,0.20304568527918782
2016-04-01,9.0,30,22,13,4400.0,6845.66,28.0,197,0.15228426395939088
2016-04-01,10.0,29,18,11,3700.0,6762.4,33.0,197,0.14720812182741116
2016-04-01,11.0,27,19,11,3700.0,8207.97,30.0,197,0.13705583756345177
2016-04-01,12.0,31,23,13,4400.0,12989.939999999999,52.0,197,0.15736040609137056
2016-04-01,13.0,23,17,10,3500.0,5260.28,21.0,197,0.116751269035533
2016-04-01,14.0,20,12,7,2000.0,6835.280000000001,21.0,197,0.10152284263959391
2016-04-01,15.0,19,10,6,1800.0,9224.849999999999,25.0,197,0.09644670050761421
2016-04-01,16.0,18,8,7,2000.0,6681.0,25.0,197,0.09137055837563451
2016-04-01,17.0,13,9,7,2000.0,259.0,3.0,197,0.06598984771573604
2016-04-01,18.0,18,9,2,400.0,4933.0,22.0,197,0.09137055837563451
2016-04-01,19.0,18,9,3,600.0,6396.8099999999995,33.0,197,0.09137055837563451
2016-04-01,20.0,19,7,3,600.0,4044.29,19.0,197,0.09644670050761421
2016-04-01,21.0,15,8,3,900.0,13233.7,54.0,197,0.07614213197969544
2016-04-01,22.0,19,6,4,1100.0,4376.35,19.0,197,0.09644670050761421
2016-04-01,23.0,21,5,2,700.0,3889.07,15.0,197,0.1065989847715736
2016-04-01,24.0,23,9,2,700.0,7059.87,29.0,197,0.116751269035533
2016-04-01,25.0,17,9,2,400.0,6035.360000000001,21.0,197,0.08629441624365482
2016-04-01,26.0,19,6,2,400.0,2530.39,9.0,197,0.09644670050761421
2016-04-01,27.0,20,12,5,1600.0,8323.62,40.0,197,0.10152284263959391
2016-04-01,28.0,22,10,6,2600.0,5811.1,26.0,197,0.1116751269035533
2016-04-01,29.0,21,8,5,2400.0,13469.689999999999,52.0,197,0.1065989847715736
2016-04-01,30.0,22,13,8,3000.0,19351.93,83.0,197,0.1116751269035533
2016-04-01,31.0,19,12,7,2800.0,15501.44,60.0,197,0.09644670050761421
2016-04-01,32.0,19,15,7,2500.0,13550.6,53.0,197,0.09644670050761421
2016-04-01,33.0,19,16,9,2900.0,11849.22,50.0,197,0.09644670050761421
2016-04-01,34.0,19,10,6,1800.0,4183.6,18.0,197,0.09644670050761421
2016-04-01,35.0,21,9,6,2100.0,7357.639999999999,31.0,197,0.1065989847715736
2016-04-01,36.0,23,10,6,2400.0,5865.3,26.0,197,0.116751269035533
2016-04-01,37.0,22,11,7,3200.0,9506.9,43.0,197,0.1116751269035533
2016-04-01,38.0,23,15,6,2700.0,12967.0,44.0,197,0.116751269035533
2016-04-01,39.0,23,10,4,2000.0,9015.2,38.0,197,0.116751269035533
2016-04-01,40.0,25,11,5,2200.0,4124.59,19.0,197,0.12690355329949238
2016-04-01,41.0,21,10,3,1200.0,4780.0,15.0,197,0.1065989847715736
2016-04-01,42.0,20,10,5,1900.0,5330.9400000000005,25.0,197,0.10152284263959391
2016-04-01,43.0,21,11,4,1400.0,4284.9400000000005,19.0,197,0.1065989847715736
2016-04-01,44.0,22,8,3,1200.0,4382.0,21.0,197,0.1116751269035533
2016-04-01,45.0,24,14,4,1700.0,9997.0,38.0,197,0.1218274111675127
2016-04-01,46.0,29,15,5,1900.0,8431.97,33.0,197,0.14720812182741116
2016-04-01,47.0,28,17,6,2100.0,10847.84,49.0,197,0.14213197969543148
2016-04-01,48.0,31,15,7,2300.0,11500.21,49.0,197,0.15736040609137056
2016-04-01,49.0,22,12,8,2500.0,7964.599999999999,40.0,197,0.1116751269035533
2016-04-01,50.0,25,10,7,2000.0,2595.6,9.0,197,0.12690355329949238
2016-04-01,51.0,26,10,6,1800.0,4535.3,19.0,197,0.1319796954314721
2016-04-01,52.0,28,15,6,1800.0,7258.2,30.0,197,0.14213197969543148
2016-04-01,53.0,28,14,5,1600.0,5326.5,26.0,197,0.14213197969543148
2016-04-01,54.0,27,9,6,1500.0,8018.57,33.0,197,0.13705583756345177
2016-04-01,55.0,27,13,5,1300.0,8473.98,37.0,197,0.13705583756345177
2016-04-01,56.0,17,10,6,1800.0,11740.84,45.0,197,0.08629441624365482
2016-04-01,57.0,16,10,6,1800.0,7399.73,25.0,197,0.08121827411167512
2016-04-01,58.0,17,11,4,1400.0,5988.0,22.0,197,0.08629441624365482
2016-04-01,59.0,16,8,2,700.0,3677.72,14.0,197,0.08121827411167512
2016-04-01,60.0,15,5,1,200.0,3292.5699999999997,13.0,197,0.07614213197969544
2016-04-01,61.0,10,3,1,200.0,2658.2200000000003,13.0,197,0.050761421319796954
2016-04-01,62.0,18,5,1,400.0,2905.19,14.0,197,0.09137055837563451
2016-04-01,63.0,22,5,1,200.0,3832.94,19.0,197,0.1116751269035533
2016-04-01,64.0,26,10,1,200.0,5229.0,23.0,197,0.1319796954314721
2016-04-01,65.0,27,8,4,1700.0,6089.3,23.0,197,0.13705583756345177
2016-04-01,66.0,25,12,4,1700.0,8343.039999999999,45.0,197,0.12690355329949238
2016-04-01,67.0,26,10,4,1400.0,12593.98,43.0,197,0.1319796954314721
2016-04-01,68.0,21,11,5,1600.0,5994.89,19.0,197,0.1065989847715736
2016-04-01,69.0,25,11,6,1800.0,10429.14,48.0,197,0.12690355329949238
2016-04-01,70.0,24,17,7,2000.0,17561.48,60.0,197,0.1218274111675127
2016-04-01,71.0,27,13,6,1800.0,7407.7,33.0,197,0.13705583756345177
2016-04-01,72.0,26,13,7,2000.0,6049.65,26.0,197,0.1319796954314721
2016-04-01,73.0,28,14,6,1500.0,11194.36,45.0,197,0.14213197969543148
2016-04-01,74.0,27,15,6,1500.0,8885.59,30.0,197,0.13705583756345177
2016-04-01,75.0,25,14,7,2000.0,9865.41,36.0,197,0.12690355329949238
2016-04-01,76.0,23,13,6,1800.0,10685.59,44.0,197,0.116751269035533
2016-04-01,77.0,19,11,5,1600.0,5698.4,25.0,197,0.09644670050761421
2016-04-01,78.0,25,9,5,1600.0,5886.8,25.0,197,0.12690355329949238
2016-04-01,79.0,29,13,5,1900.0,11433.95,43.0,197,0.14720812182741116
2016-04-01,80.0,22,12,5,1900.0,8743.77,37.0,197,0.1116751269035533
2016-04-01,81.0,23,11,6,2400.0,5960.4,23.0,197,0.116751269035533
2016-05-01,0.0,114,39,8,1600.0,34826.13,129.0,114,1.0
2016-05-01,1.0,90,42,17,4300.0,46656.6,165.0,114,0.7894736842105263
2016-05-01,2.0,68,26,18,5100.0,27090.33,100.0,114,0.5964912280701754
2016-05-01,3.0,46,24,16,4700.0,16363.6,65.0,114,0.40350877192982454
2016-05-01,4.0,40,31,15,4500.0,20913.62,79.0,114,0.3508771929824561
2016-05-01,5.0,30,20,12,3300.0,6776.29,27.0,114,0.2631578947368421
2016-05-01,6.0,20,14,10,2600.0,10651.37,38.0,114,0.17543859649122806
2016-05-01,7.0,18,13,8,2200.0,8332.02,41.0,114,0.15789473684210525
2016-05-01,8.0,16,13,9,2700.0,11090.78,44.0,114,0.14035087719298245
2016-05-01,9.0,15,14,10,2900.0,11750.61,52.0,114,0.13157894736842105
2016-05-01,10.0,12,9,9,2700.0,3154.44,11.0,114,0.10526315789473684
2016-05-01,11.0,15,14,9,3000.0,5189.35,25.0,114,0.13157894736842105
2016-05-01,12.0,19,14,10,3200.0,6911.46,30.0,114,0.16666666666666666
2016-05-01,13.0,14,9,7,2300.0,2194.0,9.0,114,0.12280701754385964
2016-05-01,14.0,12,10,3,900.0,4918.0,18.0,114,0.10526315789473684
2016-05-01,15.0,13,6,4,1400.0,1911.1,8.0,114,0.11403508771929824
2016-05-01,16.0,11,7,2,1000.0,3505.0,17.0,114,0.09649122807017543
2016-05-01,17.0,9,6,3,1200.0,4692.87,19.0,114,0.07894736842105263
2016-05-01,18.0,9,5,3,1200.0,1204.0,7.0,114,0.07894736842105263
2016-05-01,19.0,11,9,5,1900.0,11031.539999999999,42.0,114,0.09649122807017543
2016-05-01,20.0,10,9,6,2100.0,6677.04,24.0,114,0.08771929824561403
2016-05-01,21.0,10,9,6,1800.0,3792.94,18.0,114,0.08771929824561403
2016-05-01,22.0,5,8,6,1800.0,3159.3,11.0,114,0.043859649122807015
2016-05-01,23.0,7,6,4,1100.0,2860.38,12.0,114,0.06140350877192982
2016-05-01,24.0,10,5,2,900.0,3296.1,12.0,114,0.08771929824561403
2016-05-01,25.0,15,7,2,900.0,4237.5,17.0,114,0.13157894736842105
2016-05-01,26.0,17,7,2,900.0,6743.35,20.0,114,0.14912280701754385
2016-05-01,27.0,17,8,2,900.0,5987.39,25.0,114,0.14912280701754385
2016-05-01,28.0,16,11,3,600.0,8427.76,34.0,114,0.14035087719298245
2016-05-01,29.0,21,9,5,1300.0,5662.7,23.0,114,0.18421052631578946
2016-05-01,30.0,21,13,7,2000.0,10588.56,46.0,114,0.18421052631578946
2016-05-01,31.0,21,11,6,1500.0,8212.59,36.0,114,0.18421052631578946
2016-05-01,32.0,20,10,5,1600.0,7370.4,24.0,114,0.17543859649122806
2016-05-01,33.0,18,9,4,1700.0,7676.8,26.0,114,0.15789473684210525
2016-05-01,34.0,15,8,3,900.0,4009.49,15.0,114,0.13157894736842105
2016-05-01,35.0,9,3,1,200.0,1036.0,5.0,114,0.07894736842105263
2016-05-01,36.0,14,5,1,200.0,2199.0,9.0,114,0.12280701754385964
2016-05-01,37.0,14,4,2,400.0,3614.1,15.0,114,0.12280701754385964
2016-05-01,38.0,15,7,2,400.0,2136.0,9.0,114,0.13157894736842105
2016-05-01,39.0,19,5,2,400.0,1428.8,7.0,114,0.16666666666666666
2016-05-01,40.0,17,7,3,900.0,5734.01,16.0,114,0.14912280701754385
2016-05-01,41.0,11,6,3,1200.0,4699.64,21.0,114,0.09649122807017543
2016-05-01,42.0,13,11,4,1400.0,8789.02,32.0,114,0.11403508771929824
2016-05-01,43.0,13,10,6,1800.0,6672.59,27.0,114,0.11403508771929824
2016-05-01,44.0,12,8,6,1800.0,4563.36,13.0,114,0.10526315789473684
2016-05-01,45.0,12,7,6,1500.0,4361.38,17.0,114,0.10526315789473684
2016-05-01,46.0,13,13,6,1500.0,4657.27,19.0,114,0.11403508771929824
2016-05-01,47.0,9,7,4,800.0,4821.09,17.0,114,0.07894736842105263
2016-05-01,48.0,10,5,3,600.0,2692.0,7.0,114,0.08771929824561403
2016-05-01,49.0,9,5,3,600.0,1969.31,10.0,114,0.07894736842105263
2016-05-01,50.0,10,4,4,800.0,6824.92,31.0,114,0.08771929824561403
2016-05-01,51.0,9,5,4,800.0,2735.99,14.0,114,0.07894736842105263
2016-05-01,52.0,9,5,2,400.0,3588.8599999999997,16.0,114,0.07894736842105263
2016-05-01,53.0,8,2,2,400.0,680.94,4.0,114,0.07017543859649122
2016-05-01,54.0,6,4,2,400.0,1824.12,9.0,114,0.05263157894736842
2016-05-01,55.0,4,3,2,400.0,677.0,3.0,114,0.03508771929824561
2016-05-01,56.0,8,4,2,400.0,1052.0,6.0,114,0.07017543859649122
2016-05-01,57.0,12,5,0,0.0,3754.0,15.0,114,0.10526315789473684
2016-05-01,58.0,13,6,0,0.0,2618.0,10.0,114,0.11403508771929824
2016-05-01,59.0,13,5,1,200.0,4209.99,16.0,114,0.11403508771929824
2016-05-01,60.0,15,6,2,400.0,1799.0,10.0,114,0.13157894736842105
2016-05-01,61.0,14,5,3,900.0,2666.54,13.0,114,0.12280701754385964
2016-05-01,62.0,16,7,4,1100.0,3578.41,16.0,114,0.14035087719298245
2016-05-01,63.0,14,7,4,1300.0,7639.78,33.0,114,0.12280701754385964
2016-05-01,64.0,13,7,4,1100.0,8680.71,30.0,114,0.11403508771929824
2016-05-01,65.0,12,8,4,800.0,10164.09,36.0,114,0.10526315789473684
2016-05-01,66.0,14,5,5,1000.0,2773.23,10.0,114,0.12280701754385964
2016-05-01,67.0,11,4,3,600.0,7520.58,24.0,114,0.09649122807017543
2016-05-01,68.0,9,5,3,600.0,884.63,3.0,114,0.07894736842105263
2016-05-01,69.0,11,4,3,600.0,1947.9,7.0,114,0.09649122807017543
2016-05-01,70.0,16,3,1,200.0,2716.61,10.0,114,0.14035087719298245
2016-05-01,71.0,12,3,1,200.0,3272.0,8.0,114,0.10526315789473684
2016-05-01,72.0,13,7,3,600.0,4899.67,23.0,114,0.11403508771929824
2016-05-01,73.0,16,10,3,600.0,7422.35,29.0,114,0.14035087719298245
2016-05-01,74.0,16,5,3,600.0,3787.19,16.0,114,0.14035087719298245
2016-05-01,75.0,14,9,4,1100.0,7689.0,25.0,114,0.12280701754385964
2016-05-01,76.0,12,6,3,900.0,5453.54,21.0,114,0.10526315789473684
2016-05-01,77.0,9,7,4,1400.0,3884.4,11.0,114,0.07894736842105263
2016-05-01,78.0,11,8,3,1200.0,2882.7,16.0,114,0.09649122807017543
2016-05-01,79.0,13,9,2,700.0,6016.3,24.0,114,0.11403508771929824
2016-05-01,80.0,10,3,1,500.0,1255.0,5.0,114,0.08771929824561403
2016-06-01,0.0,300,102,12,3600.0,81805.64,328.0,300,1.0
2016-06-01,1.0,227,91,25,7400.0,75418.83,311.0,300,0.7566666666666667
2016-06-01,2.0,176,81,29,8800.0,67830.34,256.0,300,0.5866666666666667
2016-06-01,3.0,141,66,39,12200.0,73961.94,284.0,300,0.47
2016-06-01,4.0,115,70,37,11000.0,57274.380000000005,233.0,300,0.38333333333333336
2016-06-01,5.0,98,47,23,6400.0,30946.34,125.0,300,0.32666666666666666
2016-06-01,6.0,82,42,21,5400.0,30622.15,113.0,300,0.2733333333333333
2016-06-01,7.0,69,38,15,3900.0,27358.510000000002,92.0,300,0.23
2016-06-01,8.0,60,32,13,4300.0,16790.56,69.0,300,0.2
2016-06-01,9.0,55,26,12,4100.0,14690.45,64.0,300,0.18333333333333332
2016-06-01,10.0,57,29,12,3900.0,18479.19,64.0,300,0.19
2016-06-01,11.0,50,20,13,4100.0,15028.04,49.0,300,0.16666666666666666
2016-06-01,12.0,50,27,12,3600.0,22843.07,91.0,300,0.16666666666666666
2016-06-01,13.0,41,29,16,5300.0,27494.38,103.0,300,0.13666666666666666
2016-06-01,14.0,34,24,16,5300.0,18960.71,83.0,300,0.11333333333333333
2016-06-01,15.0,36,21,13,4400.0,18051.1,72.0,300,0.12
2016-06-01,16.0,43,24,11,3400.0,11864.09,46.0,300,0.14333333333333334
2016-06-01,17.0,42,22,10,3500.0,14923.57,66.0,300,0.14
2016-06-01,18.0,42,26,12,3900.0,22760.9,99.0,300,0.14
2016-06-01,19.0,41,18,13,4400.0,11398.470000000001,55.0,300,0.13666666666666666
2016-06-01,20.0,40,23,12,3900.0,20998.81,78.0,300,0.13333333333333333
2016-06-01,21.0,35,23,11,3100.0,18079.61,79.0,300,0.11666666666666667
2016-06-01,22.0,44,24,10,3200.0,18668.73,73.0,300,0.14666666666666667
2016-06-01,23.0,39,13,8,2500.0,8126.28,36.0,300,0.13
2016-06-01,24.0,37,21,8,2500.0,16515.56,59.0,300,0.12333333333333334
2016-06-01,25.0,36,21,8,2500.0,17713.45,64.0,300,0.12
2016-06-01,26.0,37,23,11,3100.0,24266.32,87.0,300,0.12333333333333334
2016-06-01,27.0,35,21,12,3300.0,16220.14,64.0,300,0.11666666666666667
2016-06-01,28.0,40,23,14,4300.0,19292.38,74.0,300,0.13333333333333333
2016-06-01,29.0,42,28,16,4400.0,21991.309999999998,80.0,300,0.14
2016-06-01,30.0,36,22,12,3000.0,12609.869999999999,50.0,300,0.12
2016-06-01,31.0,37,18,10,2600.0,14765.87,57.0,300,0.12333333333333334
2016-06-01,32.0,29,15,9,2100.0,7752.29,35.0,300,0.09666666666666666
2016-06-01,33.0,26,10,4,1100.0,8047.49,27.0,300,0.08666666666666667
2016-06-01,34.0,27,12,4,1100.0,8660.45,35.0,300,0.09
2016-06-01,35.0,24,13,3,900.0,7548.77,30.0,300,0.08
2016-06-01,36.0,28,12,4,1100.0,6332.48,24.0,300,0.09333333333333334
2016-06-01,37.0,29,15,6,2100.0,12399.1,52.0,300,0.09666666666666666
2016-06-01,38.0,29,12,7,2000.0,10428.900000000001,43.0,300,0.09666666666666666
2016-06-01,39.0,27,15,7,2000.0,10441.91,49.0,300,0.09
2016-06-01,40.0,29,11,6,1800.0,3074.42,17.0,300,0.09666666666666666
2016-06-01,41.0,32,11,3,900.0,8595.5,27.0,300,0.10666666666666667
2016-06-01,42.0,31,13,3,900.0,9087.130000000001,40.0,300,0.10333333333333333
2016-06-01,43.0,37,12,4,1100.0,7132.530000000001,25.0,300,0.12333333333333334
2016-06-01,44.0,33,15,3,900.0,7838.35,38.0,300,0.11
2016-06-01,45.0,35,18,4,1400.0,12717.42,54.0,300,0.11666666666666667
2016-06-01,46.0,36,18,6,2300.0,14493.720000000001,55.0,300,0.12
2016-06-01,47.0,35,15,6,1800.0,13202.04,52.0,300,0.11666666666666667
2016-06-01,48.0,41,18,7,2300.0,17841.54,61.0,300,0.13666666666666666
2016-06-01,49.0,36,15,8,2500.0,7299.88,25.0,300,0.12
2016-06-01,50.0,35,14,5,1000.0,9945.03,40.0,300,0.11666666666666667
2016-06-01,51.0,36,19,9,2100.0,18081.1,65.0,300,0.12
2016-06-01,52.0,39,18,9,2100.0,15910.61,59.0,300,0.13
2016-06-01,53.0,35,21,10,2600.0,18130.4,70.0,300,0.11666666666666667
2016-06-01,54.0,38,22,13,3500.0,17537.4,67.0,300,0.12666666666666668
2016-06-01,55.0,34,19,14,3400.0,15620.630000000001,68.0,300,0.11333333333333333
2016-06-01,56.0,33,23,14,3100.0,13704.86,59.0,300,0.11
2016-06-01,57.0,32,19,12,2600.0,14529.32,57.0,300,0.10666666666666667
2016-06-01,58.0,35,22,11,2800.0,18822.21,75.0,300,0.11666666666666667
2016-06-01,59.0,33,16,8,2200.0,13509.619999999999,50.0,300,0.11
2016-06-01,60.0,30,16,6,1500.0,6061.0,23.0,300,0.1
2016-06-01,61.0,32,18,7,1700.0,10843.560000000001,42.0,300,0.10666666666666667
2016-06-01,62.0,30,15,6,1200.0,11293.97,50.0,300,0.1
2016-06-01,63.0,26,13,6,1500.0,10330.65,42.0,300,0.08666666666666667
2016-06-01,64.0,26,15,6,1500.0,14184.19,55.0,300,0.08666666666666667
2016-06-01,65.0,20,14,5,1300.0,9833.24,40.0,300,0.06666666666666667
2016-06-01,66.0,20,15,5,1300.0,9941.8,36.0,300,0.06666666666666667
2016-06-01,67.0,27,16,5,1000.0,9387.06,38.0,300,0.09
2016-06-01,68.0,34,15,4,1100.0,7805.35,38.0,300,0.11333333333333333
2016-06-01,69.0,26,14,6,1500.0,15545.48,62.0,300,0.08666666666666667
2016-06-01,70.0,29,17,6,1200.0,11054.21,46.0,300,0.09666666666666666
2016-06-01,71.0,32,10,6,1200.0,13725.25,51.0,300,0.10666666666666667
2016-06-01,72.0,32,18,9,2100.0,13612.73,58.0,300,0.10666666666666667
2016-06-01,73.0,36,20,8,1900.0,8809.99,39.0,300,0.12
2016-06-01,74.0,41,22,7,1700.0,13054.22,47.0,300,0.13666666666666666
2016-06-01,75.0,36,18,7,2000.0,11194.0,38.0,300,0.12
2016-06-01,76.0,35,16,6,1800.0,10766.19,48.0,300,0.11666666666666667
2016-06-01,77.0,32,13,9,2400.0,13986.13,59.0,300,0.10666666666666667
2016-06-01,78.0,33,22,12,3000.0,16980.93,55.0,300,0.11
2016-06-01,79.0,41,27,11,3100.0,23450.05,82.0,300,0.13666666666666666
2016-07-01,0.0,344,137,26,7900.0,111308.82,451.0,344,1.0
2016-07-01,1.0,259,98,42,11900.0,77675.43,310.0,344,0.752906976744186
2016-07-01,2.0,197,112,48,14100.0,90877.14,354.0,344,0.5726744186046512
2016-07-01,3.0,160,95,51,15500.0,68343.95,270.0,344,0.46511627906976744
2016-07-01,4.0,127,76,37,11800.0,47548.04,184.0,344,0.3691860465116279
2016-07-01,5.0,106,71,39,12800.0,55227.62,202.0,344,0.3081395348837209
2016-07-01,6.0,90,64,41,13500.0,40138.13,172.0,344,0.2616279069767442
2016-07-01,7.0,75,59,35,11300.0,35181.94,135.0,344,0.2180232558139535
2016-07-01,8.0,63,46,27,8000.0,26359.190000000002,110.0,344,0.18313953488372092
2016-07-01,9.0,58,36,23,6100.0,22841.98,92.0,344,0.1686046511627907
2016-07-01,10.0,54,39,20,5500.0,26664.26,95.0,344,0.1569767441860465
2016-07-01,11.0,57,35,19,5600.0,20796.239999999998,84.0,344,0.16569767441860464
2016-07-01,12.0,46,35,20,6100.0,22083.739999999998,81.0,344,0.13372093023255813
2016-07-01,13.0,46,31,18,4800.0,24734.39,90.0,344,0.13372093023255813
2016-07-01,14.0,40,27,17,4600.0,13844.13,54.0,344,0.11627906976744186
2016-07-01,15.0,36,24,18,5100.0,18896.94,84.0,344,0.10465116279069768
2016-07-01,16.0,37,28,14,4000.0,16071.550000000001,67.0,344,0.10755813953488372
2016-07-01,17.0,37,20,12,3300.0,12357.2,50.0,344,0.10755813953488372
2016-07-01,18.0,39,25,9,2700.0,12558.3,55.0,344,0.11337209302325581
2016-07-01,19.0,45,19,8,1900.0,15204.17,64.0,344,0.1308139534883721
2016-07-01,20.0,43,22,10,2300.0,22367.83,77.0,344,0.125
2016-07-01,21.0,35,17,7,1700.0,10738.64,40.0,344,0.10174418604651163
2016-07-01,22.0,36,14,5,1200.0,9372.0,29.0,344,0.10465116279069768
2016-07-01,23.0,26,12,5,1000.0,4247.0,22.0,344,0.0755813953488372
2016-07-01,24.0,33,13,6,1500.0,9160.33,40.0,344,0.09593023255813954
2016-07-01,25.0,28,13,5,1300.0,9650.4,49.0,344,0.08139534883720931
2016-07-01,26.0,37,19,6,1500.0,16391.02,62.0,344,0.10755813953488372
2016-07-01,27.0,34,17,8,1900.0,18162.78,85.0,344,0.09883720930232558
2016-07-01,28.0,40,11,8,2200.0,15408.36,57.0,344,0.11627906976744186
2016-07-01,29.0,41,20,9,2400.0,20409.96,86.0,344,0.11918604651162791
2016-07-01,30.0,44,27,10,2600.0,20281.28,72.0,344,0.12790697674418605
2016-07-01,31.0,50,23,8,1900.0,22296.73,71.0,344,0.14534883720930233
2016-07-01,32.0,45,16,8,1600.0,9698.11,39.0,344,0.1308139534883721
2016-07-01,33.0,45,17,10,2300.0,12844.77,51.0,344,0.1308139534883721
2016-07-01,34.0,50,21,10,2300.0,23711.97,94.0,344,0.14534883720930233
2016-07-01,35.0,45,24,12,3000.0,22872.78,88.0,344,0.1308139534883721
2016-07-01,36.0,50,25,13,4000.0,24999.3,93.0,344,0.14534883720930233
2016-07-01,37.0,51,20,11,3600.0,12059.39,45.0,344,0.14825581395348839
2016-07-01,38.0,39,17,9,2900.0,13062.26,47.0,344,0.11337209302325581
2016-07-01,39.0,34,21,8,2700.0,12327.76,47.0,344,0.09883720930232558
2016-07-01,40.0,38,19,9,2400.0,15588.51,60.0,344,0.11046511627906977
2016-07-01,41.0,43,21,9,2100.0,13199.8,57.0,344,0.125
2016-07-01,42.0,41,22,9,1800.0,20477.86,77.0,344,0.11918604651162791
2016-07-01,43.0,33,19,9,2100.0,15460.73,67.0,344,0.09593023255813954
2016-07-01,44.0,37,14,8,2200.0,14178.57,64.0,344,0.10755813953488372
2016-07-01,45.0,38,19,6,1500.0,12037.01,52.0,344,0.11046511627906977
2016-07-01,46.0,32,14,4,800.0,5870.0,26.0,344,0.09302325581395349
2016-07-01,47.0,36,12,4,1100.0,10334.36,41.0,344,0.10465116279069768
2016-07-01,48.0,39,12,4,1100.0,12184.16,45.0,344,0.11337209302325581
2016-07-01,49.0,40,15,4,1100.0,12217.22,47.0,344,0.11627906976744186
2016-07-01,50.0,40,14,7,1700.0,15739.2,72.0,344,0.11627906976744186
2016-07-01,51.0,41,19,8,2200.0,7874.76,33.0,344,0.11918604651162791
2016-07-01,52.0,46,27,10,3100.0,22980.67,94.0,344,0.13372093023255813
2016-07-01,53.0,35,18,10,2900.0,9226.51,37.0,344,0.10174418604651163
2016-07-01,54.0,34,22,9,2700.0,11499.46,48.0,344,0.09883720930232558
2016-07-01,55.0,38,23,9,2400.0,17881.01,63.0,344,0.11046511627906977
2016-07-01,56.0,37,22,10,2600.0,12835.02,46.0,344,0.10755813953488372
2016-07-01,57.0,29,20,8,2200.0,13109.369999999999,50.0,344,0.08430232558139535
2016-07-01,58.0,38,18,9,2700.0,9802.3,43.0,344,0.11046511627906977
2016-07-01,59.0,38,24,8,2500.0,12354.2,50.0,344,0.11046511627906977
2016-07-01,60.0,43,15,5,1300.0,5052.0,21.0,344,0.125
2016-07-01,61.0,47,18,6,1800.0,7117.3099999999995,29.0,344,0.13662790697674418
2016-07-01,62.0,42,22,6,2100.0,14371.880000000001,58.0,344,0.12209302325581395
2016-07-01,63.0,36,15,8,3100.0,18693.06,78.0,344,0.10465116279069768
2016-07-01,64.0,41,21,9,3500.0,17081.66,73.0,344,0.11918604651162791
2016-07-01,65.0,41,17,6,2100.0,16216.32,65.0,344,0.11918604651162791
2016-07-01,66.0,45,25,11,3400.0,27428.24,99.0,344,0.1308139534883721
2016-07-01,67.0,43,19,11,3100.0,17067.81,67.0,344,0.125
2016-07-01,68.0,47,22,11,2800.0,20761.05,83.0,344,0.13662790697674418
2016-07-01,69.0,46,25,12,2700.0,16657.08,70.0,344,0.13372093023255813
2016-07-01,70.0,43,18,10,2600.0,10121.03,42.0,344,0.125
2016-07-01,71.0,40,19,8,1900.0,16910.6,65.0,344,0.11627906976744186
2016-07-01,72.0,45,21,10,2600.0,12470.99,56.0,344,0.1308139534883721
2016-07-01,73.0,39,30,12,3300.0,27054.239999999998,93.0,344,0.11337209302325581
2016-07-01,74.0,40,20,11,3400.0,15920.67,69.0,344,0.11627906976744186
2016-07-01,75.0,38,27,13,3500.0,17638.67,69.0,344,0.11046511627906977
2016-07-01,76.0,34,18,11,2500.0,9815.72,41.0,344,0.09883720930232558
2016-07-01,77.0,30,19,10,2300.0,11817.25,49.0,344,0.0872093023255814
2016-07-01,78.0,31,24,13,3500.0,20064.010000000002,76.0,344,0.09011627906976744
2016-08-01,0.0,352,127,25,8600.0,126289.6,471.0,352,1.0
2016-08-01,1.0,286,114,36,12500.0,97517.49,394.0,352,0.8125
2016-08-01,2.0,224,103,44,13500.0,89467.02,347.0,352,0.6363636363636364
2016-08-01,3.0,180,95,52,15700.0,68796.75,295.0,352,0.5113636363636364
2016-08-01,4.0,135,74,42,12500.0,44498.54,181.0,352,0.3835227272727273
2016-08-01,5.0,108,69,37,10400.0,58984.0,223.0,352,0.3068181818181818
2016-08-01,6.0,89,61,30,8700.0,41835.97,172.0,352,0.2528409090909091
2016-08-01,7.0,80,45,21,5900.0,31425.54,134.0,352,0.22727272727272727
2016-08-01,8.0,67,37,21,5900.0,30936.34,116.0,352,0.1903409090909091
2016-08-01,9.0,61,34,20,5800.0,24473.97,98.0,352,0.17329545454545456
2016-08-01,10.0,66,36,21,6800.0,33724.69,121.0,352,0.1875
2016-08-01,11.0,58,36,26,9300.0,34065.54,152.0,352,0.16477272727272727
2016-08-01,12.0,51,38,29,10800.0,25642.38,97.0,352,0.14488636363636365
2016-08-01,13.0,50,41,30,11300.0,39583.18,148.0,352,0.14204545454545456
2016-08-01,14.0,47,37,26,9900.0,30314.010000000002,119.0,352,0.13352272727272727
2016-08-01,15.0,44,33,22,8200.0,20400.43,80.0,352,0.125
2016-08-01,16.0,41,35,24,7900.0,22247.89,92.0,352,0.11647727272727272
2016-08-01,17.0,36,28,17,5700.0,11879.61,54.0,352,0.10227272727272728
2016-08-01,18.0,38,24,15,5000.0,11843.4,52.0,352,0.10795454545454546
2016-08-01,19.0,39,24,13,4100.0,8685.16,35.0,352,0.11079545454545454
2016-08-01,20.0,35,19,8,2500.0,9097.59,38.0,352,0.09943181818181818
2016-08-01,21.0,38,17,8,2200.0,13791.23,55.0,352,0.10795454545454546
2016-08-01,22.0,42,23,9,2400.0,16561.54,58.0,352,0.11931818181818182
2016-08-01,23.0,48,22,8,2500.0,14479.93,60.0,352,0.13636363636363635
2016-08-01,24.0,53,20,9,3000.0,12539.43,64.0,352,0.15056818181818182
2016-08-01,25.0,51,23,11,3900.0,21595.42,84.0,352,0.14488636363636365
2016-08-01,26.0,48,26,12,3900.0,10758.51,60.0,352,0.13636363636363635
2016-08-01,27.0,47,19,8,2500.0,12553.23,52.0,352,0.13352272727272727
2016-08-01,28.0,38,25,7,2000.0,14547.28,62.0,352,0.10795454545454546
2016-08-01,29.0,41,16,6,2100.0,9153.64,39.0,352,0.11647727272727272
2016-08-01,30.0,44,25,5,1900.0,15406.86,71.0,352,0.125
2016-08-01,31.0,43,16,7,2600.0,9811.65,38.0,352,0.12215909090909091
2016-08-01,32.0,45,23,7,2600.0,17918.35,69.0,352,0.1278409090909091
2016-08-01,33.0,39,14,6,1800.0,11601.07,53.0,352,0.11079545454545454
2016-08-01,34.0,43,24,11,3100.0,24720.28,85.0,352,0.12215909090909091
2016-08-01,35.0,44,18,10,2900.0,15716.95,65.0,352,0.125
2016-08-01,36.0,46,27,12,3300.0,24968.71,100.0,352,0.13068181818181818
2016-08-01,37.0,42,21,12,3000.0,16163.48,70.0,352,0.11931818181818182
2016-08-01,38.0,39,22,8,1900.0,16052.69,63.0,352,0.11079545454545454
2016-08-01,39.0,38,20,9,2100.0,19320.81,72.0,352,0.10795454545454546
2016-08-01,40.0,33,19,9,2100.0,18923.34,66.0,352,0.09375
2016-08-01,41.0,36,17,9,2100.0,19912.24,88.0,352,0.10227272727272728
2016-08-01,42.0,35,16,10,2900.0,16435.09,67.0,352,0.09943181818181818
2016-08-01,43.0,36,16,9,3000.0,14944.24,54.0,352,0.10227272727272728
2016-08-01,44.0,33,21,8,3000.0,15756.0,59.0,352,0.09375
2016-08-01,45.0,29,19,8,3000.0,9718.25,43.0,352,0.08238636363636363
2016-08-01,46.0,38,21,7,2000.0,10148.27,39.0,352,0.10795454545454546
2016-08-01,47.0,41,14,6,1500.0,16559.83,72.0,352,0.11647727272727272
2016-08-01,48.0,44,22,6,1500.0,9608.0,45.0,352,0.125
2016-08-01,49.0,37,9,4,800.0,4589.82,20.0,352,0.10511363636363637
2016-08-01,50.0,28,9,3,600.0,2780.0,15.0,352,0.07954545454545454
2016-08-01,51.0,21,7,3,600.0,762.0,6.0,352,0.05965909090909091
2016-08-01,52.0,31,10,3,600.0,3246.0,13.0,352,0.08806818181818182
2016-08-01,53.0,32,10,5,1300.0,9184.21,35.0,352,0.09090909090909091
2016-08-01,54.0,32,15,7,1700.0,15795.369999999999,67.0,352,0.09090909090909091
2016-08-01,55.0,33,19,10,2900.0,16101.619999999999,54.0,352,0.09375
2016-08-01,56.0,41,17,7,2300.0,11756.8,50.0,352,0.11647727272727272
2016-08-01,57.0,40,22,7,2600.0,14681.9,40.0,352,0.11363636363636363
2016-08-01,58.0,43,20,7,2900.0,17214.9,59.0,352,0.12215909090909091
2016-08-01,59.0,48,21,9,3000.0,22634.25,82.0,352,0.13636363636363635
2016-08-01,60.0,51,20,10,3200.0,10382.05,46.0,352,0.14488636363636365
2016-08-01,61.0,43,26,13,3800.0,28294.989999999998,106.0,352,0.12215909090909091
2016-08-01,62.0,45,24,15,4200.0,23963.77,90.0,352,0.1278409090909091
2016-08-01,63.0,50,27,15,4700.0,25669.52,110.0,352,0.14204545454545456
2016-08-01,64.0,44,22,14,4200.0,12920.24,49.0,352,0.125
2016-08-01,65.0,47,26,14,3700.0,17863.34,78.0,352,0.13352272727272727
2016-08-01,66.0,45,28,15,3600.0,8380.34,36.0,352,0.1278409090909091
2016-08-01,67.0,42,26,11,2800.0,11795.19,51.0,352,0.11931818181818182
2016-08-01,68.0,40,29,12,3000.0,22466.95,88.0,352,0.11363636363636363
2016-08-01,69.0,38,21,14,3600.0,13151.49,56.0,352,0.10795454545454546
2016-08-01,70.0,39,20,12,3000.0,13985.33,45.0,352,0.11079545454545454
2016-08-01,71.0,39,27,14,3700.0,20093.77,79.0,352,0.11079545454545454
2016-08-01,72.0,35,18,12,3000.0,7924.21,35.0,352,0.09943181818181818
2016-08-01,73.0,34,17,10,2600.0,5444.67,26.0,352,0.09659090909090909
2016-08-01,74.0,44,20,13,3500.0,16032.7,58.0,352,0.125
2016-08-01,75.0,48,31,12,3800.0,17917.68,70.0,352,0.13636363636363635
2016-08-01,76.0,45,23,14,4600.0,18104.510000000002,75.0,352,0.1278409090909091
2016-08-01,77.0,44,29,14,4600.0,18160.77,63.0,352,0.125
2016-09-01,0.0,785,270,37,9900.0,205234.71,822.0,785,1.0
2016-09-01,1.0,610,262,75,21500.0,225968.05,884.0,785,0.7770700636942676
2016-09-01,2.0,474,221,83,23000.0,172605.75,681.0,785,0.6038216560509554
2016-09-01,3.0,392,195,80,21800.0,139197.63,584.0,785,0.49936305732484076
2016-09-01,4.0,300,160,74,22500.0,113714.05,460.0,785,0.3821656050955414
2016-09-01,5.0,244,129,65,19200.0,108579.67,443.0,785,0.310828025477707
2016-09-01,6.0,205,119,67,19900.0,94678.39,390.0,785,0.2611464968152866
2016-09-01,7.0,172,110,60,18200.0,95802.81,381.0,785,0.21910828025477708
2016-09-01,8.0,150,84,53,16700.0,43053.9,204.0,785,0.1910828025477707
2016-09-01,9.0,130,85,54,17600.0,68109.51,278.0,785,0.16560509554140126
2016-09-01,10.0,129,84,54,17900.0,65079.2,266.0,785,0.1643312101910828
2016-09-01,11.0,113,82,47,14900.0,66485.59,274.0,785,0.14394904458598726
2016-09-01,12.0,102,72,49,15100.0,50968.03,203.0,785,0.12993630573248408
2016-09-01,13.0,93,63,38,11100.0,44732.88,175.0,785,0.11847133757961784
2016-09-01,14.0,102,61,33,9300.0,43819.98,192.0,785,0.12993630573248408
2016-09-01,15.0,89,59,37,10600.0,47174.93,178.0,785,0.11337579617834395
2016-09-01,16.0,88,54,30,8900.0,45265.96,190.0,785,0.11210191082802548
2016-09-01,17.0,95,54,26,9100.0,40486.51,170.0,785,0.12101910828025478
2016-09-01,18.0,90,52,30,9800.0,38451.86,139.0,785,0.11464968152866242
2016-09-01,19.0,90,52,27,8300.0,33265.33,148.0,785,0.11464968152866242
2016-09-01,20.0,86,51,27,8600.0,42553.79,177.0,785,0.10955414012738854
2016-09-01,21.0,85,54,29,9100.0,27552.11,111.0,785,0.10828025477707007
2016-09-01,22.0,91,44,18,6300.0,17919.56,72.0,785,0.1159235668789809
2016-09-01,23.0,83,45,19,5900.0,22061.73,92.0,785,0.10573248407643313
2016-09-01,24.0,93,46,19,5300.0,23317.79,94.0,785,0.11847133757961784
2016-09-01,25.0,87,36,17,4800.0,22561.09,86.0,785,0.11082802547770701
2016-09-01,26.0,86,47,20,5500.0,30530.66,121.0,785,0.10955414012738854
2016-09-01,27.0,97,37,15,4200.0,21546.47,80.0,785,0.12356687898089172
2016-09-01,28.0,89,41,15,4200.0,37005.24,147.0,785,0.11337579617834395
2016-09-01,29.0,95,38,18,4800.0,27844.09,112.0,785,0.12101910828025478
2016-09-01,30.0,96,50,17,4600.0,44029.03,151.0,785,0.12229299363057325
2016-09-01,31.0,96,34,17,4900.0,35190.11,138.0,785,0.12229299363057325
2016-09-01,32.0,87,49,20,5800.0,30248.15,131.0,785,0.11082802547770701
2016-09-01,33.0,83,39,20,6300.0,23767.66,93.0,785,0.10573248407643313
2016-09-01,34.0,88,45,18,5300.0,29942.83,118.0,785,0.11210191082802548
2016-09-01,35.0,106,51,22,6400.0,39801.54,145.0,785,0.13503184713375796
2016-09-01,36.0,98,44,24,7400.0,36070.54,144.0,785,0.12484076433121019
2016-09-01,37.0,101,48,20,5700.0,38892.73,140.0,785,0.1286624203821656
2016-09-01,38.0,89,41,21,7300.0,32554.9,145.0,785,0.11337579617834395
2016-09-01,39.0,93,48,21,7400.0,46041.29,182.0,785,0.11847133757961784
2016-09-01,40.0,83,43,21,7100.0,27242.08,119.0,785,0.10573248407643313
2016-09-01,41.0,87,44,23,7300.0,28703.1,119.0,785,0.11082802547770701
2016-09-01,42.0,94,46,19,5300.0,28431.99,109.0,785,0.1197452229299363
2016-09-01,43.0,88,48,19,5600.0,30581.67,130.0,785,0.11210191082802548
2016-09-01,44.0,90,44,21,6000.0,39764.68,153.0,785,0.11464968152866242
2016-09-01,45.0,95,51,19,5300.0,43794.75,167.0,785,0.12101910828025478
2016-09-01,46.0,95,52,19,5500.0,35619.65,148.0,785,0.12101910828025478
2016-09-01,47.0,98,40,14,3900.0,33337.81,132.0,785,0.12484076433121019
2016-09-01,48.0,92,45,24,6900.0,42226.31,175.0,785,0.11719745222929936
2016-09-01,49.0,93,55,23,6700.0,32263.55,134.0,785,0.11847133757961784
2016-09-01,50.0,90,54,22,6500.0,32509.26,131.0,785,0.11464968152866242
2016-09-01,51.0,100,50,21,6600.0,36642.34,130.0,785,0.12738853503184713
2016-09-01,52.0,98,42,17,4900.0,32617.08,127.0,785,0.12484076433121019
2016-09-01,53.0,96,40,18,5700.0,37103.0,138.0,785,0.12229299363057325
2016-09-01,54.0,100,38,16,5900.0,28806.55,125.0,785,0.12738853503184713
2016-09-01,55.0,100,44,11,4200.0,37733.28,144.0,785,0.12738853503184713
2016-09-01,56.0,103,43,13,4100.0,31255.99,121.0,785,0.13121019108280255
2016-09-01,57.0,94,47,17,4900.0,38245.85,149.0,785,0.1197452229299363
2016-09-01,58.0,87,37,18,5100.0,22517.22,91.0,785,0.11082802547770701
2016-09-01,59.0,88,39,23,7600.0,29483.550000000003,116.0,785,0.11210191082802548
2016-09-01,60.0,89,56,26,8200.0,40762.88,159.0,785,0.11337579617834395
2016-09-01,61.0,83,49,20,6100.0,30752.9,133.0,785,0.10573248407643313
2016-09-01,62.0,82,38,17,4900.0,28517.33,111.0,785,0.10445859872611465
2016-09-01,63.0,82,42,14,3700.0,33688.22,123.0,785,0.10445859872611465
2016-09-01,64.0,88,43,15,4700.0,40066.44,154.0,785,0.11210191082802548
2016-09-01,65.0,92,46,17,5300.0,39537.02,162.0,785,0.11719745222929936
2016-09-01,66.0,76,33,16,4900.0,28622.75,115.0,785,0.09681528662420383
2016-09-01,67.0,78,42,18,5800.0,18242.95,79.0,785,0.09936305732484077
2016-09-01,68.0,84,40,17,5700.0,26905.79,126.0,785,0.1070063694267516
2016-09-01,69.0,86,44,16,6100.0,41426.89,160.0,785,0.10955414012738854
2016-09-01,70.0,91,49,18,6200.0,46676.79,173.0,785,0.1159235668789809
2016-09-01,71.0,97,45,22,6700.0,39274.57,159.0,785,0.12356687898089172
2016-09-01,72.0,91,43,23,6700.0,25382.59,114.0,785,0.1159235668789809
2016-09-01,73.0,82,46,18,5100.0,30169.42,120.0,785,0.10445859872611465
2016-09-01,74.0,81,37,14,4000.0,24073.93,76.0,785,0.10318471337579618
2016-09-01,75.0,76,35,16,5000.0,24081.78,87.0,785,0.09681528662420383
2016-09-01,76.0,90,44,18,5100.0,33185.79,119.0,785,0.11464968152866242
2016-10-01,0.0,196,72,7,2300.0,43896.87,187.0,196,1.0
2016-10-01,1.0,142,58,12,3600.0,47978.74,184.0,196,0.7244897959183674
2016-10-01,2.0,114,44,15,4200.0,36500.1,140.0,196,0.5816326530612245
2016-10-01,3.0,86,38,18,5100.0,23125.44,96.0,196,0.4387755102040816
2016-10-01,4.0,74,39,18,5600.0,29614.99,112.0,196,0.37755102040816324
2016-10-01,5.0,48,33,19,5500.0,23434.08,98.0,196,0.24489795918367346
2016-10-01,6.0,38,24,16,4400.0,9097.619999999999,30.0,196,0.19387755102040816
2016-10-01,7.0,30,19,12,3300.0,11389.19,35.0,196,0.15306122448979592
2016-10-01,8.0,31,20,10,2300.0,14353.71,55.0,196,0.15816326530612246
2016-10-01,9.0,29,16,9,2100.0,12884.11,40.0,196,0.14795918367346939
2016-10-01,10.0,23,17,10,2600.0,7861.92,35.0,196,0.11734693877551021
2016-10-01,11.0,26,17,9,2100.0,12097.71,45.0,196,0.1326530612244898
2016-10-01,12.0,23,14,8,1900.0,9135.08,40.0,196,0.11734693877551021
2016-10-01,13.0,26,19,11,2800.0,7923.28,35.0,196,0.1326530612244898
2016-10-01,14.0,24,18,8,2200.0,14851.619999999999,53.0,196,0.12244897959183673
2016-10-01,15.0,20,15,7,2300.0,14794.119999999999,64.0,196,0.10204081632653061
2016-10-01,16.0,15,15,8,2500.0,12372.88,48.0,196,0.07653061224489796
2016-10-01,17.0,19,11,5,1600.0,5878.5599999999995,25.0,196,0.09693877551020408
2016-10-01,18.0,23,9,3,1200.0,2784.69,11.0,196,0.11734693877551021
2016-10-01,19.0,18,10,5,1600.0,4446.43,19.0,196,0.09183673469387756
2016-10-01,20.0,27,11,5,1300.0,8898.619999999999,33.0,196,0.1377551020408163
2016-10-01,21.0,26,9,5,1300.0,9074.73,39.0,196,0.1326530612244898
2016-10-01,22.0,28,11,7,2000.0,10322.27,47.0,196,0.14285714285714285
2016-10-01,23.0,25,16,6,1800.0,6769.3,35.0,196,0.12755102040816327
2016-10-01,24.0,22,12,5,1300.0,13775.09,45.0,196,0.11224489795918367
2016-10-01,25.0,21,10,5,1300.0,4927.72,17.0,196,0.10714285714285714
2016-10-01,26.0,22,13,4,1100.0,9698.36,39.0,196,0.11224489795918367
2016-10-01,27.0,22,8,2,400.0,7892.02,28.0,196,0.11224489795918367
2016-10-01,28.0,25,13,5,1300.0,15915.11,59.0,196,0.12755102040816327
2016-10-01,29.0,23,11,4,1100.0,8972.92,40.0,196,0.11734693877551021
2016-10-01,30.0,26,10,5,1000.0,13254.12,42.0,196,0.1326530612244898
2016-10-01,31.0,19,11,5,1000.0,5833.0,20.0,196,0.09693877551020408
2016-10-01,32.0,16,6,0,0.0,3366.0,13.0,196,0.08163265306122448
2016-10-01,33.0,18,7,1,200.0,4811.12,16.0,196,0.09183673469387756
2016-10-01,34.0,24,6,4,1100.0,7343.46,38.0,196,0.12244897959183673
2016-10-01,35.0,23,8,5,1600.0,6045.95,31.0,196,0.11734693877551021
2016-10-01,36.0,22,15,5,1900.0,5893.31,28.0,196,0.11224489795918367
2016-10-01,37.0,25,10,5,1900.0,10460.8,49.0,196,0.12755102040816327
2016-10-01,38.0,26,9,4,1400.0,4478.01,21.0,196,0.1326530612244898
2016-10-01,39.0,25,9,4,1400.0,12900.34,45.0,196,0.12755102040816327
2016-10-01,40.0,24,13,4,1300.0,12209.99,43.0,196,0.12244897959183673
2016-10-01,41.0,20,11,4,1100.0,8005.52,30.0,196,0.10204081632653061
2016-10-01,42.0,16,9,5,1800.0,10603.91,43.0,196,0.08163265306122448
2016-10-01,43.0,12,9,5,1500.0,4460.43,27.0,196,0.061224489795918366
2016-10-01,44.0,14,8,6,1500.0,6132.01,28.0,196,0.07142857142857142
2016-10-01,45.0,17,12,6,1500.0,4298.02,18.0,196,0.08673469387755102
2016-10-01,46.0,22,14,5,1500.0,9627.29,41.0,196,0.11224489795918367
2016-10-01,47.0,22,8,5,1600.0,6356.83,25.0,196,0.11224489795918367
2016-10-01,48.0,18,10,5,1300.0,4655.18,19.0,196,0.09183673469387756
2016-10-01,49.0,22,13,5,1300.0,7327.3,27.0,196,0.11224489795918367
2016-10-01,50.0,20,10,2,700.0,8397.6,36.0,196,0.10204081632653061
2016-10-01,51.0,22,7,4,1400.0,4808.2,21.0,196,0.11224489795918367
2016-10-01,52.0,27,14,3,1200.0,11065.71,51.0,196,0.1377551020408163
2016-10-01,53.0,29,8,3,1200.0,4296.7,17.0,196,0.14795918367346939
2016-10-01,54.0,26,11,2,700.0,7527.1,34.0,196,0.1326530612244898
2016-10-01,55.0,27,6,2,700.0,1913.0,10.0,196,0.1377551020408163
2016-10-01,56.0,24,10,4,1400.0,10382.71,46.0,196,0.12244897959183673
2016-10-01,57.0,18,11,5,1600.0,6298.83,26.0,196,0.09183673469387756
2016-10-01,58.0,19,11,5,1000.0,10523.62,43.0,196,0.09693877551020408
2016-10-01,59.0,25,14,6,1200.0,15922.0,61.0,196,0.12755102040816327
2016-10-01,60.0,23,9,6,1200.0,9124.08,38.0,196,0.11734693877551021
2016-10-01,61.0,28,18,8,1900.0,13115.1,61.0,196,0.14285714285714285
2016-10-01,62.0,32,15,8,2500.0,15459.630000000001,67.0,196,0.16326530612244897
2016-10-01,63.0,31,13,7,2300.0,13120.99,61.0,196,0.15816326530612246
2016-10-01,64.0,29,14,8,2800.0,18801.37,62.0,196,0.14795918367346939
2016-10-01,65.0,27,13,8,2800.0,8522.3,33.0,196,0.1377551020408163
2016-10-01,66.0,24,11,5,1300.0,10530.06,33.0,196,0.12244897959183673
2016-10-01,67.0,26,18,6,1500.0,11067.71,45.0,196,0.1326530612244898
2016-10-01,68.0,23,8,4,800.0,8757.970000000001,36.0,196,0.11734693877551021
2016-10-01,69.0,19,10,4,800.0,6891.52,23.0,196,0.09693877551020408
2016-10-01,70.0,23,11,4,800.0,5507.72,22.0,196,0.11734693877551021
2016-10-01,71.0,22,4,3,600.0,2546.01,16.0,196,0.11224489795918367
2016-10-01,72.0,20,6,3,600.0,2375.56,11.0,196,0.10204081632653061
2016-10-01,73.0,21,7,3,900.0,5840.03,32.0,196,0.10714285714285714
2016-10-01,74.0,19,10,2,700.0,11321.84,32.0,196,0.09693877551020408
2016-10-01,75.0,19,12,3,900.0,14473.27,58.0,196,0.09693877551020408
2016-11-01,0.0,149,55,12,4200.0,47687.2,193.0,149,1.0
2016-11-01,1.0,111,49,14,4600.0,30171.63,124.0,149,0.7449664429530202
2016-11-01,2.0,85,30,13,4700.0,33235.77,130.0,149,0.5704697986577181
2016-11-01,3.0,64,30,15,5900.0,17161.98,62.0,149,0.42953020134228187
2016-11-01,4.0,51,28,10,3500.0,26766.69,87.0,149,0.3422818791946309
2016-11-01,5.0,47,26,11,4000.0,34142.39,123.0,149,0.31543624161073824
2016-11-01,6.0,40,22,12,4200.0,13607.74,50.0,149,0.2684563758389262
2016-11-01,7.0,35,24,9,3000.0,13287.06,50.0,149,0.2348993288590604
2016-11-01,8.0,34,17,8,2800.0,7026.99,29.0,149,0.22818791946308725
2016-11-01,9.0,23,12,7,2900.0,5298.7,22.0,149,0.15436241610738255
2016-11-01,10.0,18,11,6,2400.0,3364.0,14.0,149,0.12080536912751678
2016-11-01,11.0,17,12,5,1600.0,5520.83,24.0,149,0.11409395973154363
2016-11-01,12.0,20,9,5,1600.0,4567.67,27.0,149,0.1342281879194631
2016-11-01,13.0,21,8,4,1100.0,2869.12,15.0,149,0.14093959731543623
2016-11-01,14.0,23,11,4,1100.0,5508.33,18.0,149,0.15436241610738255
2016-11-01,15.0,20,9,4,800.0,7415.08,28.0,149,0.1342281879194631
2016-11-01,16.0,22,14,4,800.0,10564.35,39.0,149,0.1476510067114094
2016-11-01,17.0,23,11,3,600.0,9658.560000000001,33.0,149,0.15436241610738255
2016-11-01,18.0,22,11,3,600.0,4586.0,19.0,149,0.1476510067114094
2016-11-01,19.0,21,9,3,600.0,2551.0,9.0,149,0.14093959731543623
2016-11-01,20.0,14,9,3,600.0,3540.0,16.0,149,0.09395973154362416
2016-11-01,21.0,13,5,2,400.0,2182.0,8.0,149,0.087248322147651
2016-11-01,22.0,8,5,2,400.0,742.0,5.0,149,0.053691275167785234
2016-11-01,23.0,14,7,2,400.0,3147.0,11.0,149,0.09395973154362416
2016-11-01,24.0,12,6,3,600.0,5852.02,15.0,149,0.08053691275167785
2016-11-01,25.0,16,10,4,1100.0,4409.7,21.0,149,0.10738255033557047
2016-11-01,26.0,21,9,3,900.0,4246.9,17.0,149,0.14093959731543623
2016-11-01,27.0,20,12,5,1300.0,9177.02,37.0,149,0.1342281879194631
2016-11-01,28.0,18,8,3,900.0,2800.0,12.0,149,0.12080536912751678
2016-11-01,29.0,18,8,2,700.0,4773.0,19.0,149,0.12080536912751678
2016-11-01,30.0,13,9,3,900.0,6180.46,29.0,149,0.087248322147651
2016-11-01,31.0,16,7,3,900.0,5067.05,19.0,149,0.10738255033557047
2016-11-01,32.0,16,10,3,600.0,6906.16,29.0,149,0.10738255033557047
2016-11-01,33.0,11,8,3,600.0,5619.6,26.0,149,0.0738255033557047
2016-11-01,34.0,12,5,2,400.0,1668.0,8.0,149,0.08053691275167785
2016-11-01,35.0,9,4,2,400.0,768.0,4.0,149,0.06040268456375839
2016-11-01,36.0,11,5,2,700.0,3629.9,17.0,149,0.0738255033557047
2016-11-01,37.0,13,8,3,900.0,7967.66,28.0,149,0.087248322147651
2016-11-01,38.0,13,5,3,900.0,6316.66,14.0,149,0.087248322147651
2016-11-01,39.0,15,9,4,1100.0,6294.15,25.0,149,0.10067114093959731
2016-11-01,40.0,14,7,2,400.0,3513.1800000000003,15.0,149,0.09395973154362416
2016-11-01,41.0,13,7,2,400.0,4316.780000000001,22.0,149,0.087248322147651
2016-11-01,42.0,14,7,2,400.0,4712.54,17.0,149,0.09395973154362416
2016-11-01,43.0,16,10,3,900.0,10026.46,31.0,149,0.10738255033557047
2016-11-01,44.0,22,9,2,700.0,9707.79,43.0,149,0.1476510067114094
2016-11-01,45.0,18,8,4,1100.0,5199.88,21.0,149,0.12080536912751678
2016-11-01,46.0,12,9,5,1300.0,7135.05,28.0,149,0.08053691275167785
2016-11-01,47.0,12,9,6,1800.0,12675.6,60.0,149,0.08053691275167785
2016-11-01,48.0,15,11,6,1800.0,11958.46,51.0,149,0.10067114093959731
2016-11-01,49.0,13,8,6,1800.0,11028.19,40.0,149,0.087248322147651
2016-11-01,50.0,15,9,5,1600.0,3406.0,13.0,149,0.10067114093959731
2016-11-01,51.0,15,8,4,1100.0,5135.65,17.0,149,0.10067114093959731
2016-11-01,52.0,17,10,4,1100.0,3741.0,17.0,149,0.11409395973154363
2016-11-01,53.0,18,6,3,900.0,1414.0,6.0,149,0.12080536912751678
2016-11-01,54.0,15,10,4,1100.0,5781.82,20.0,149,0.10067114093959731
2016-11-01,55.0,18,10,4,1100.0,2808.0,13.0,149,0.12080536912751678
2016-11-01,56.0,16,8,5,1300.0,2767.14,8.0,149,0.10738255033557047
2016-11-01,57.0,15,9,5,1300.0,1748.0,7.0,149,0.10067114093959731
2016-11-01,58.0,16,8,2,700.0,3578.81,16.0,149,0.10738255033557047
2016-11-01,59.0,19,6,2,700.0,4545.85,17.0,149,0.12751677852348994
2016-11-01,60.0,26,9,2,400.0,6030.219999999999,24.0,149,0.174496644295302
2016-11-01,61.0,29,12,3,900.0,9096.73,38.0,149,0.19463087248322147
2016-11-01,62.0,26,12,4,1100.0,8386.5,37.0,149,0.174496644295302
2016-11-01,63.0,25,9,4,1100.0,5666.97,28.0,149,0.16778523489932887
2016-11-01,64.0,26,12,4,1400.0,6497.2,29.0,149,0.174496644295302
2016-11-01,65.0,26,16,5,1600.0,17260.96,61.0,149,0.174496644295302
2016-11-01,66.0,21,11,6,2400.0,11504.9,48.0,149,0.14093959731543623
2016-11-01,67.0,17,11,6,2400.0,10759.25,43.0,149,0.11409395973154363
2016-11-01,68.0,22,12,6,2100.0,15263.64,63.0,149,0.1476510067114094
2016-11-01,69.0,24,16,10,3200.0,7951.76,31.0,149,0.1610738255033557
2016-11-01,70.0,21,15,9,2700.0,9865.19,39.0,149,0.14093959731543623
2016-11-01,71.0,20,7,6,1500.0,5108.99,22.0,149,0.1342281879194631
2016-11-01,72.0,15,11,6,1200.0,10145.54,46.0,149,0.10067114093959731
2016-11-01,73.0,13,8,6,1200.0,7277.5,33.0,149,0.087248322147651
2016-11-01,74.0,15,9,5,1000.0,7513.93,29.0,149,0.10067114093959731
2016-12-01,0.0,53,14,3,1100.0,12713.56,52.0,53,1.0
2016-12-01,1.0,41,21,7,2500.0,18982.45,74.0,53,0.7735849056603774
2016-12-01,2.0,33,17,8,2200.0,13871.72,57.0,53,0.6226415094339622
2016-12-01,3.0,29,19,7,2000.0,15171.0,55.0,53,0.5471698113207547
2016-12-01,4.0,23,17,6,1800.0,10691.470000000001,40.0,53,0.4339622641509434
2016-12-01,5.0,20,11,6,1800.0,5212.27,25.0,53,0.37735849056603776
2016-12-01,6.0,17,9,6,2100.0,7454.59,31.0,53,0.32075471698113206
2016-12-01,7.0,15,9,6,2100.0,6148.360000000001,23.0,53,0.2830188679245283
2016-12-01,8.0,11,6,5,1600.0,4740.22,18.0,53,0.20754716981132076
2016-12-01,9.0,8,6,5,1600.0,1254.0,5.0,53,0.1509433962264151
2016-12-01,10.0,7,6,3,900.0,3464.1,11.0,53,0.1320754716981132
2016-12-01,11.0,7,4,2,700.0,1084.0,3.0,53,0.1320754716981132
2016-12-01,12.0,6,4,2,700.0,705.0,3.0,53,0.11320754716981132
2016-12-01,13.0,7,3,2,700.0,721.0,3.0,53,0.1320754716981132
2016-12-01,14.0,7,4,1,500.0,1703.0,11.0,53,0.1320754716981132
2016-12-01,15.0,4,1,1,500.0,0.0,0.0,53,0.07547169811320754
2016-12-01,16.0,3,2,1,500.0,1959.0,2.0,53,0.05660377358490566
2016-12-01,17.0,4,2,1,500.0,1664.0,3.0,53,0.07547169811320754
2016-12-01,18.0,3,2,0,0.0,1469.0,7.0,53,0.05660377358490566
2016-12-01,19.0,3,0,0,0.0,0.0,0.0,53,0.05660377358490566
2016-12-01,20.0,2,1,0,0.0,692.0,3.0,53,0.03773584905660377
2016-12-01,21.0,3,1,0,0.0,944.0,3.0,53,0.05660377358490566
2016-12-01,22.0,4,2,0,0.0,2322.0,8.0,53,0.07547169811320754
2016-12-01,23.0,4,0,0,0.0,0.0,0.0,53,0.07547169811320754
2016-12-01,24.0,5,2,1,500.0,2125.1,12.0,53,0.09433962264150944
2016-12-01,25.0,3,1,1,500.0,1286.1,7.0,53,0.05660377358490566
2016-12-01,26.0,3,3,1,500.0,1867.7,12.0,53,0.05660377358490566
2016-12-01,27.0,3,2,1,500.0,1513.0,5.0,53,0.05660377358490566
2016-12-01,28.0,5,2,0,0.0,1261.0,5.0,53,0.09433962264150944
2016-12-01,29.0,5,0,0,0.0,0.0,0.0,53,0.09433962264150944
2016-12-01,30.0,4,3,0,0.0,1318.0,7.0,53,0.07547169811320754
2016-12-01,31.0,2,1,0,0.0,1977.0,4.0,53,0.03773584905660377
2016-12-01,32.0,3,0,0,0.0,0.0,0.0,53,0.05660377358490566
2016-12-01,33.0,1,1,0,0.0,863.0,3.0,53,0.018867924528301886
2016-12-01,34.0,3,2,1,200.0,763.0,4.0,53,0.05660377358490566
2016-12-01,35.0,2,1,1,200.0,644.0,4.0,53,0.03773584905660377
2016-12-01,36.0,2,0,0,0.0,0.0,0.0,53,0.03773584905660377
2016-12-01,37.0,4,2,0,0.0,1197.0,7.0,53,0.07547169811320754
2016-12-01,38.0,5,1,0,0.0,454.0,2.0,53,0.09433962264150944
2016-12-01,39.0,7,1,0,0.0,1079.0,3.0,53,0.1320754716981132
2016-12-01,40.0,7,3,1,200.0,1380.0,4.0,53,0.1320754716981132
2016-12-01,41.0,7,2,2,400.0,7566.97,21.0,53,0.1320754716981132
2016-12-01,42.0,5,3,2,400.0,941.0,4.0,53,0.09433962264150944
2016-12-01,43.0,5,6,2,400.0,4487.0,12.0,53,0.09433962264150944
2016-12-01,44.0,6,2,1,200.0,936.0,2.0,53,0.11320754716981132
2016-12-01,45.0,5,3,2,400.0,2066.67,9.0,53,0.09433962264150944
2016-12-01,46.0,4,3,2,400.0,696.0,3.0,53,0.07547169811320754
2016-12-01,47.0,3,2,1,200.0,109.0,1.0,53,0.05660377358490566
2016-12-01,48.0,3,1,0,0.0,839.0,2.0,53,0.05660377358490566
2016-12-01,49.0,5,1,0,0.0,1277.0,4.0,53,0.09433962264150944
2016-12-01,50.0,7,1,0,0.0,517.0,3.0,53,0.1320754716981132
2016-12-01,51.0,6,2,0,0.0,2302.0,3.0,53,0.11320754716981132
2016-12-01,52.0,5,2,0,0.0,685.0,5.0,53,0.09433962264150944
2016-12-01,53.0,7,1,0,0.0,342.0,2.0,53,0.1320754716981132
2016-12-01,54.0,6,1,0,0.0,1320.0,4.0,53,0.11320754716981132
2016-12-01,55.0,6,2,0,0.0,1468.0,6.0,53,0.11320754716981132
2016-12-01,56.0,7,4,0,0.0,1995.0,10.0,53,0.1320754716981132
2016-12-01,57.0,5,2,0,0.0,1264.0,4.0,53,0.09433962264150944
2016-12-01,58.0,7,2,1,200.0,2711.33,12.0,53,0.1320754716981132
2016-12-01,59.0,9,4,2,400.0,4582.41,18.0,53,0.16981132075471697
2016-12-01,60.0,7,4,1,200.0,1188.0,5.0,53,0.1320754716981132
2016-12-01,61.0,5,2,1,200.0,1295.0,4.0,53,0.09433962264150944
2016-12-01,62.0,4,3,1,200.0,2010.0,7.0,53,0.07547169811320754
2016-12-01,63.0,5,2,0,0.0,834.0,5.0,53,0.09433962264150944
2016-12-01,64.0,5,2,0,0.0,566.0,3.0,53,0.09433962264150944
2016-12-01,65.0,8,1,0,0.0,962.0,3.0,53,0.1509433962264151
2016-12-01,66.0,8,3,0,0.0,982.0,7.0,53,0.1509433962264151
2016-12-01,67.0,5,3,1,200.0,1200.0,5.0,53,0.09433962264150944
2016-12-01,68.0,6,3,1,200.0,2424.04,9.0,53,0.11320754716981132
2016-12-01,69.0,7,3,1,200.0,3547.44,16.0,53,0.1320754716981132
2016-12-01,70.0,7,3,1,200.0,3877.7,19.0,53,0.1320754716981132
2016-12-01,71.0,9,4,2,400.0,3936.32,19.0,53,0.16981132075471697
2016-12-01,72.0,9,4,2,400.0,1960.83,10.0,53,0.16981132075471697
2016-12-01,73.0,10,4,2,400.0,4075.76,19.0,53,0.18867924528301888
2017-01-01,0.0,201,62,14,3100.0,51381.77,176.0,201,1.0
2017-01-01,1.0,155,55,23,5200.0,43320.49,176.0,201,0.7711442786069652
2017-01-01,2.0,113,61,30,6600.0,66406.36,257.0,201,0.5621890547263682
2017-01-01,3.0,88,56,31,7300.0,45662.85,204.0,201,0.43781094527363185
2017-01-01,4.0,76,50,33,8100.0,56756.16,217.0,201,0.3781094527363184
2017-01-01,5.0,68,49,30,7400.0,37496.47,143.0,201,0.3383084577114428
2017-01-01,6.0,59,38,23,6200.0,27743.56,115.0,201,0.2935323383084577
2017-01-01,7.0,55,30,15,4100.0,23136.41,86.0,201,0.2736318407960199
2017-01-01,8.0,52,32,16,4600.0,20409.41,88.0,201,0.25870646766169153
2017-01-01,9.0,43,27,16,4800.0,16359.55,70.0,201,0.21393034825870647
2017-01-01,10.0,36,20,12,3600.0,14299.710000000001,67.0,201,0.1791044776119403
2017-01-01,11.0,32,22,10,2900.0,11740.58,47.0,201,0.15920398009950248
2017-01-01,12.0,31,18,9,2700.0,8565.2,34.0,201,0.15422885572139303
2017-01-01,13.0,27,14,8,2500.0,7940.5,27.0,201,0.13432835820895522
2017-01-01,14.0,26,13,8,2500.0,7318.01,33.0,201,0.12935323383084577
2017-01-01,15.0,27,18,10,2900.0,13780.71,46.0,201,0.13432835820895522
2017-01-01,16.0,33,17,10,2600.0,8520.380000000001,37.0,201,0.16417910447761194
2017-01-01,17.0,24,16,9,2400.0,17724.93,52.0,201,0.11940298507462686
2017-01-01,18.0,21,13,8,2500.0,10844.06,41.0,201,0.1044776119402985
2017-01-01,19.0,28,12,7,2300.0,4743.13,25.0,201,0.13930348258706468
2017-01-01,20.0,31,13,8,2800.0,12456.400000000001,48.0,201,0.15422885572139303
2017-01-01,21.0,22,16,10,3200.0,11094.69,44.0,201,0.10945273631840796
2017-01-01,22.0,25,16,9,2700.0,14571.5,52.0,201,0.12437810945273632
2017-01-01,23.0,22,13,8,2500.0,17093.989999999998,65.0,201,0.10945273631840796
2017-01-01,24.0,23,17,8,2500.0,9267.3,38.0,201,0.11442786069651742
2017-01-01,25.0,21,10,3,1200.0,4540.3,27.0,201,0.1044776119402985
2017-01-01,26.0,29,11,4,1400.0,7298.8099999999995,35.0,201,0.14427860696517414
2017-01-01,27.0,26,11,5,1300.0,7838.86,26.0,201,0.12935323383084577
2017-01-01,28.0,25,12,5,1300.0,8981.02,34.0,201,0.12437810945273632
2017-01-01,29.0,28,14,4,1400.0,13066.58,53.0,201,0.13930348258706468
2017-01-01,30.0,23,8,4,1700.0,6208.73,29.0,201,0.11442786069651742
2017-01-01,31.0,21,14,4,1400.0,13179.01,36.0,201,0.1044776119402985
2017-01-01,32.0,18,9,5,1600.0,5052.6,16.0,201,0.08955223880597014
2017-01-01,33.0,20,8,5,1600.0,7489.34,30.0,201,0.09950248756218906
2017-01-01,34.0,20,9,5,1300.0,6912.37,23.0,201,0.09950248756218906
2017-01-01,35.0,16,6,5,1300.0,3779.25,17.0,201,0.07960199004975124
2017-01-01,36.0,20,12,7,2200.0,10036.14,39.0,201,0.09950248756218906
2017-01-01,37.0,23,15,7,2200.0,17990.91,52.0,201,0.11442786069651742
2017-01-01,38.0,24,8,6,2000.0,5515.44,27.0,201,0.11940298507462686
2017-01-01,39.0,22,12,8,2400.0,11520.939999999999,42.0,201,0.10945273631840796
2017-01-01,40.0,16,10,9,3700.0,10654.85,31.0,201,0.07960199004975124
2017-01-01,41.0,19,9,7,3100.0,9497.66,41.0,201,0.0945273631840796
2017-01-01,42.0,22,7,6,1800.0,3903.58,24.0,201,0.10945273631840796
2017-01-01,43.0,21,8,4,1100.0,4312.0,11.0,201,0.1044776119402985
2017-01-01,44.0,26,14,4,1100.0,6833.6,28.0,201,0.12935323383084577
2017-01-01,45.0,28,12,5,1300.0,8565.369999999999,42.0,201,0.13930348258706468
2017-01-01,46.0,26,11,4,1100.0,9098.72,32.0,201,0.12935323383084577
2017-01-01,47.0,30,12,6,2000.0,10060.92,31.0,201,0.14925373134328357
2017-01-01,48.0,33,16,7,2500.0,8479.6,35.0,201,0.16417910447761194
2017-01-01,49.0,32,16,5,2200.0,14316.3,50.0,201,0.15920398009950248
2017-01-01,50.0,29,16,5,2200.0,10518.3,35.0,201,0.14427860696517414
2017-01-01,51.0,21,9,2,1000.0,6170.6,27.0,201,0.1044776119402985
2017-01-01,52.0,20,12,2,1000.0,6609.8,27.0,201,0.09950248756218906
2017-01-01,53.0,22,7,2,1000.0,2535.0,11.0,201,0.10945273631840796
2017-01-01,54.0,25,10,1,500.0,4045.0,20.0,201,0.12437810945273632
2017-01-01,55.0,24,9,2,400.0,15036.25,39.0,201,0.11940298507462686
2017-01-01,56.0,25,9,3,600.0,12950.92,39.0,201,0.12437810945273632
2017-01-01,57.0,23,10,4,800.0,10757.380000000001,41.0,201,0.11442786069651742
2017-01-01,58.0,26,12,3,600.0,8556.02,34.0,201,0.12935323383084577
2017-01-01,59.0,23,9,3,1200.0,5779.87,22.0,201,0.11442786069651742
2017-01-01,60.0,21,11,5,1600.0,12938.67,49.0,201,0.1044776119402985
2017-01-01,61.0,21,12,8,2200.0,11977.2,52.0,201,0.1044776119402985
2017-01-01,62.0,24,13,8,2500.0,8733.24,38.0,201,0.11940298507462686
2017-01-01,63.0,26,13,6,1800.0,11958.63,52.0,201,0.12935323383084577
2017-01-01,64.0,24,12,6,2100.0,12638.34,48.0,201,0.11940298507462686
2017-01-01,65.0,26,13,6,2100.0,12356.740000000002,49.0,201,0.12935323383084577
2017-01-01,66.0,22,8,5,1600.0,6683.25,27.0,201,0.10945273631840796
2017-01-01,67.0,21,13,5,1900.0,10354.9,42.0,201,0.1044776119402985
2017-01-01,68.0,20,12,5,1900.0,5555.08,27.0,201,0.09950248756218906
2017-01-01,69.0,22,10,5,1900.0,9054.45,26.0,201,0.10945273631840796
2017-01-01,70.0,22,11,5,1900.0,5664.01,21.0,201,0.10945273631840796
2017-01-01,71.0,23,14,3,1200.0,10092.0,35.0,201,0.11442786069651742
2017-01-01,72.0,26,14,4,1700.0,15586.630000000001,48.0,201,0.12935323383084577
2017-02-01,0.0,161,60,6,1500.0,38321.95,161.0,161,1.0
2017-02-01,1.0,130,48,12,3000.0,33580.17,143.0,161,0.8074534161490683
2017-02-01,2.0,98,44,13,3800.0,32410.28,136.0,161,0.6086956521739131
2017-02-01,3.0,73,30,16,4400.0,28451.34,121.0,161,0.453416149068323
2017-02-01,4.0,59,30,18,4700.0,29384.93,108.0,161,0.36645962732919257
2017-02-01,5.0,48,29,18,4400.0,31720.64,121.0,161,0.2981366459627329
2017-02-01,6.0,40,30,20,4800.0,27539.93,96.0,161,0.2484472049689441
2017-02-01,7.0,33,20,15,4300.0,19421.32,81.0,161,0.20496894409937888
2017-02-01,8.0,28,20,13,4200.0,12805.39,57.0,161,0.17391304347826086
2017-02-01,9.0,23,15,10,3800.0,7239.82,36.0,161,0.14285714285714285
2017-02-01,10.0,22,17,9,3700.0,19405.69,70.0,161,0.13664596273291926
2017-02-01,11.0,17,15,10,3200.0,10545.93,40.0,161,0.10559006211180125
2017-02-01,12.0,14,9,9,2700.0,4488.82,9.0,161,0.08695652173913043
2017-02-01,13.0,9,13,7,2300.0,6266.21,25.0,161,0.055900621118012424
2017-02-01,14.0,13,6,5,1900.0,615.0,1.0,161,0.08074534161490683
2017-02-01,15.0,18,8,4,1700.0,4266.6,18.0,161,0.11180124223602485
2017-02-01,16.0,17,11,5,1900.0,4464.98,22.0,161,0.10559006211180125
2017-02-01,17.0,17,14,5,1600.0,7125.72,35.0,161,0.10559006211180125
2017-02-01,18.0,19,12,5,1900.0,9667.3,40.0,161,0.11801242236024845
2017-02-01,19.0,20,11,4,1700.0,2608.0,16.0,161,0.12422360248447205
2017-02-01,20.0,23,13,4,1400.0,6848.0,29.0,161,0.14285714285714285
2017-02-01,21.0,26,11,4,1400.0,4945.0,17.0,161,0.16149068322981366
2017-02-01,22.0,25,11,4,1400.0,9171.19,32.0,161,0.15527950310559005
2017-02-01,23.0,20,8,3,900.0,6861.4400000000005,22.0,161,0.12422360248447205
2017-02-01,24.0,16,7,4,1100.0,2450.14,14.0,161,0.09937888198757763
2017-02-01,25.0,21,7,3,600.0,2137.0,10.0,161,0.13043478260869565
2017-02-01,26.0,20,8,2,400.0,8895.28,29.0,161,0.12422360248447205
2017-02-01,27.0,16,9,2,400.0,3578.0,14.0,161,0.09937888198757763
2017-02-01,28.0,18,8,2,400.0,5824.0,17.0,161,0.11180124223602485
2017-02-01,29.0,14,6,2,400.0,5621.860000000001,24.0,161,0.08695652173913043
2017-02-01,30.0,15,9,5,1600.0,6204.75,31.0,161,0.09316770186335403
2017-02-01,31.0,19,9,5,1600.0,5967.23,26.0,161,0.11801242236024845
2017-02-01,32.0,20,16,6,2100.0,13373.630000000001,43.0,161,0.12422360248447205
2017-02-01,33.0,20,9,7,2300.0,8683.73,39.0,161,0.12422360248447205
2017-02-01,34.0,20,13,5,1500.0,5713.62,24.0,161,0.12422360248447205
2017-02-01,35.0,20,9,6,1800.0,4374.35,17.0,161,0.12422360248447205
2017-02-01,36.0,17,10,5,1300.0,9045.84,29.0,161,0.10559006211180125
2017-02-01,37.0,16,5,2,700.0,5663.43,20.0,161,0.09937888198757763
2017-02-01,38.0,13,5,3,900.0,2852.42,6.0,161,0.08074534161490683
2017-02-01,39.0,12,8,3,900.0,3745.0,12.0,161,0.07453416149068323
2017-02-01,40.0,15,6,1,500.0,2496.0,12.0,161,0.09316770186335403
2017-02-01,41.0,18,8,4,1100.0,5884.6900000000005,22.0,161,0.11180124223602485
2017-02-01,42.0,17,9,4,1100.0,9785.11,38.0,161,0.10559006211180125
2017-02-01,43.0,13,5,4,1400.0,7092.82,31.0,161,0.08074534161490683
2017-02-01,44.0,15,8,6,1800.0,4028.05,16.0,161,0.09316770186335403
2017-02-01,45.0,20,13,8,2200.0,16909.75,71.0,161,0.12422360248447205
2017-02-01,46.0,19,13,7,2000.0,11460.09,50.0,161,0.11801242236024845
2017-02-01,47.0,18,11,5,1300.0,4486.09,18.0,161,0.11180124223602485
2017-02-01,48.0,19,11,4,1100.0,8316.0,18.0,161,0.11801242236024845
2017-02-01,49.0,18,5,2,400.0,5149.73,13.0,161,0.11180124223602485
2017-02-01,50.0,17,8,2,400.0,5192.5,23.0,161,0.10559006211180125
2017-02-01,51.0,17,7,3,900.0,5231.0,23.0,161,0.10559006211180125
2017-02-01,52.0,20,8,3,1200.0,7812.77,27.0,161,0.12422360248447205
2017-02-01,53.0,15,7,4,1400.0,3022.11,12.0,161,0.09316770186335403
2017-02-01,54.0,17,9,4,1300.0,7734.0,37.0,161,0.10559006211180125
2017-02-01,55.0,17,8,5,1300.0,1709.93,7.0,161,0.10559006211180125
2017-02-01,56.0,16,12,5,1300.0,5711.0,23.0,161,0.09937888198757763
2017-02-01,57.0,16,10,5,1600.0,2021.0,12.0,161,0.09937888198757763
2017-02-01,58.0,20,12,2,700.0,5365.0,23.0,161,0.12422360248447205
2017-02-01,59.0,17,9,3,1500.0,5743.0,22.0,161,0.10559006211180125
2017-02-01,60.0,17,10,4,1700.0,7585.98,25.0,161,0.10559006211180125
2017-02-01,61.0,18,9,3,900.0,12060.71,46.0,161,0.11180124223602485
2017-02-01,62.0,18,10,4,1400.0,3954.0,18.0,161,0.11180124223602485
2017-02-01,63.0,16,7,4,1100.0,5211.99,23.0,161,0.09937888198757763
2017-02-01,64.0,19,11,5,1300.0,7837.21,29.0,161,0.11801242236024845
2017-02-01,65.0,18,10,6,1800.0,8647.81,28.0,161,0.11180124223602485
2017-02-01,66.0,22,13,6,1500.0,10334.79,40.0,161,0.13664596273291926
2017-02-01,67.0,21,12,4,1400.0,10363.97,42.0,161,0.13043478260869565
2017-02-01,68.0,16,7,4,1900.0,6385.9400000000005,27.0,161,0.09937888198757763
2017-02-01,69.0,18,11,4,1400.0,9244.67,44.0,161,0.11180124223602485
2017-02-01,70.0,17,7,6,2100.0,8601.19,23.0,161,0.10559006211180125
2017-02-01,71.0,19,11,6,1800.0,11936.36,46.0,161,0.11801242236024845
2017-03-01,0.0,180,57,8,2500.0,48210.6,185.0,180,1.0
2017-03-01,1.0,146,56,11,3100.0,34476.11,144.0,180,0.8111111111111111
2017-03-01,2.0,107,46,12,3300.0,41670.340000000004,151.0,180,0.5944444444444444
2017-03-01,3.0,80,42,18,5400.0,30260.66,129.0,180,0.4444444444444444
2017-03-01,4.0,66,35,17,5400.0,28889.44,98.0,180,0.36666666666666664
2017-03-01,5.0,48,31,18,5600.0,27551.65,108.0,180,0.26666666666666666
2017-03-01,6.0,45,30,18,4800.0,24841.98,85.0,180,0.25
2017-03-01,7.0,41,27,17,4900.0,23854.22,88.0,180,0.22777777777777777
2017-03-01,8.0,35,21,16,4700.0,20298.47,67.0,180,0.19444444444444445
2017-03-01,9.0,33,24,10,2900.0,14126.96,57.0,180,0.18333333333333332
2017-03-01,10.0,22,16,8,2500.0,6729.98,34.0,180,0.12222222222222222
2017-03-01,11.0,25,15,8,2500.0,13087.45,59.0,180,0.1388888888888889
2017-03-01,12.0,22,14,8,2700.0,11654.68,47.0,180,0.12222222222222222
2017-03-01,13.0,19,17,11,3400.0,11898.53,50.0,180,0.10555555555555556
2017-03-01,14.0,17,13,10,3200.0,10538.310000000001,45.0,180,0.09444444444444444
2017-03-01,15.0,19,13,9,2700.0,7678.38,35.0,180,0.10555555555555556
2017-03-01,16.0,16,12,7,2000.0,3420.8,18.0,180,0.08888888888888889
2017-03-01,17.0,21,9,4,800.0,4008.27,19.0,180,0.11666666666666667
2017-03-01,18.0,22,13,4,800.0,7272.16,28.0,180,0.12222222222222222
2017-03-01,19.0,17,6,2,400.0,2394.19,12.0,180,0.09444444444444444
2017-03-01,20.0,19,5,2,700.0,2482.7,9.0,180,0.10555555555555556
2017-03-01,21.0,15,6,2,700.0,4761.2,18.0,180,0.08333333333333333
2017-03-01,22.0,18,8,2,700.0,5431.0,25.0,180,0.1
2017-03-01,23.0,19,5,2,700.0,2547.45,15.0,180,0.10555555555555556
2017-03-01,24.0,21,10,2,700.0,5512.0,21.0,180,0.11666666666666667
2017-03-01,25.0,22,11,3,900.0,9399.31,31.0,180,0.12222222222222222
2017-03-01,26.0,22,12,7,2300.0,14510.37,59.0,180,0.12222222222222222
2017-03-01,27.0,25,13,8,2200.0,13592.97,49.0,180,0.1388888888888889
2017-03-01,28.0,23,14,8,2200.0,6016.18,26.0,180,0.12777777777777777
2017-03-01,29.0,16,10,6,1800.0,6458.1,23.0,180,0.08888888888888889
2017-03-01,30.0,15,9,4,1100.0,4019.5,20.0,180,0.08333333333333333
2017-03-01,31.0,12,9,4,1100.0,4584.92,21.0,180,0.06666666666666667
2017-03-01,32.0,19,11,4,1100.0,3455.48,17.0,180,0.10555555555555556
2017-03-01,33.0,24,10,6,1800.0,7081.59,33.0,180,0.13333333333333333
2017-03-01,34.0,24,13,7,2300.0,7446.68,25.0,180,0.13333333333333333
2017-03-01,35.0,23,10,6,1800.0,6959.5599999999995,24.0,180,0.12777777777777777
2017-03-01,36.0,24,15,6,1500.0,13577.49,57.0,180,0.13333333333333333
2017-03-01,37.0,24,14,7,1700.0,12178.6,40.0,180,0.13333333333333333
2017-03-01,38.0,20,12,6,1500.0,8790.41,34.0,180,0.1111111111111111
2017-03-01,39.0,18,9,2,400.0,8362.35,36.0,180,0.1
2017-03-01,40.0,21,9,5,1300.0,11979.289999999999,39.0,180,0.11666666666666667
2017-03-01,41.0,24,13,6,1500.0,10390.7,36.0,180,0.13333333333333333
2017-03-01,42.0,23,8,5,1000.0,5728.45,25.0,180,0.12777777777777777
2017-03-01,43.0,21,7,6,1200.0,5369.889999999999,20.0,180,0.11666666666666667
2017-03-01,44.0,21,14,4,800.0,13765.310000000001,59.0,180,0.11666666666666667
2017-03-01,45.0,19,11,5,1000.0,7617.73,34.0,180,0.10555555555555556
2017-03-01,46.0,18,12,7,1400.0,8832.66,41.0,180,0.1
2017-03-01,47.0,16,12,7,1400.0,13203.490000000002,37.0,180,0.08888888888888889
2017-03-01,48.0,15,14,8,1900.0,8048.21,36.0,180,0.08333333333333333
2017-03-01,49.0,15,11,7,2000.0,4959.84,22.0,180,0.08333333333333333
2017-03-01,50.0,13,9,5,1500.0,4968.71,24.0,180,0.07222222222222222
2017-03-01,51.0,15,11,5,1000.0,4910.0,20.0,180,0.08333333333333333
2017-03-01,52.0,14,7,4,800.0,5686.62,21.0,180,0.07777777777777778
2017-03-01,53.0,15,8,2,400.0,3821.0,17.0,180,0.08333333333333333
2017-03-01,54.0,19,8,2,700.0,6565.1,27.0,180,0.10555555555555556
2017-03-01,55.0,17,11,3,900.0,4710.6,25.0,180,0.09444444444444444
2017-03-01,56.0,21,10,4,1100.0,6562.85,30.0,180,0.11666666666666667
2017-03-01,57.0,24,9,6,1500.0,11766.529999999999,49.0,180,0.13333333333333333
2017-03-01,58.0,22,9,5,1000.0,11520.12,37.0,180,0.12222222222222222
2017-03-01,59.0,22,11,4,800.0,9956.42,40.0,180,0.12222222222222222
2017-03-01,60.0,20,8,3,600.0,3038.2,17.0,180,0.1111111111111111
2017-03-01,61.0,21,11,4,1100.0,8271.76,31.0,180,0.11666666666666667
2017-03-01,62.0,20,9,5,1300.0,8004.34,26.0,180,0.1111111111111111
2017-03-01,63.0,22,14,5,1300.0,9724.9,41.0,180,0.12222222222222222
2017-03-01,64.0,24,15,4,1100.0,7458.1,30.0,180,0.13333333333333333
2017-03-01,65.0,24,11,4,800.0,11549.73,41.0,180,0.13333333333333333
2017-03-01,66.0,18,10,4,800.0,9113.86,32.0,180,0.1
2017-03-01,67.0,22,12,3,600.0,7023.96,30.0,180,0.12222222222222222
2017-03-01,68.0,22,13,4,1100.0,8242.460000000001,37.0,180,0.12222222222222222
2017-03-01,69.0,15,10,5,1500.0,4988.52,24.0,180,0.08333333333333333
2017-03-01,70.0,19,12,5,1000.0,4617.0,20.0,180,0.10555555555555556
2017-04-01,0.0,2104,758,113,35300.0,610997.59,2396.0,2104,1.0
2017-04-01,1.0,1618,662,186,58300.0,580454.74,2229.0,2104,0.7690114068441065
2017-04-01,2.0,1260,544,215,68000.0,497298.91,1961.0,2104,0.5988593155893536
2017-04-01,3.0,954,495,237,75000.0,394260.37,1551.0,2104,0.4534220532319392
2017-04-01,4.0,751,409,207,65900.0,327676.11,1290.0,2104,0.35693916349809884
2017-04-01,5.0,619,367,211,67300.0,279132.69,1099.0,2104,0.29420152091254753
2017-04-01,6.0,533,326,200,62100.0,223542.37,912.0,2104,0.25332699619771865
2017-04-01,7.0,469,306,173,54500.0,240047.17,967.0,2104,0.2229087452471483
2017-04-01,8.0,433,257,147,45900.0,189767.16,774.0,2104,0.20579847908745247
2017-04-01,9.0,387,233,139,43900.0,174509.75,689.0,2104,0.18393536121673004
2017-04-01,10.0,348,213,136,42300.0,160058.9,635.0,2104,0.16539923954372623
2017-04-01,11.0,344,228,136,44000.0,154655.77,610.0,2104,0.1634980988593156
2017-04-01,12.0,322,211,125,40700.0,142351.87,569.0,2104,0.15304182509505704
2017-04-01,13.0,300,183,107,34800.0,116441.81,457.0,2104,0.14258555133079848
2017-04-01,14.0,284,184,95,31500.0,118595.53,461.0,2104,0.13498098859315588
2017-04-01,15.0,282,153,78,25600.0,89337.89,358.0,2104,0.13403041825095058
2017-04-01,16.0,267,138,69,23000.0,115685.21,449.0,2104,0.12690114068441063
2017-04-01,17.0,258,147,75,24200.0,115504.8,459.0,2104,0.12262357414448669
2017-04-01,18.0,254,116,64,18200.0,101911.98,391.0,2104,0.12072243346007605
2017-04-01,19.0,253,127,61,17500.0,95165.98,387.0,2104,0.12024714828897339
2017-04-01,20.0,258,117,61,17800.0,90161.95,369.0,2104,0.12262357414448669
2017-04-01,21.0,268,140,64,19300.0,122766.44,469.0,2104,0.12737642585551331
2017-04-01,22.0,256,131,65,20100.0,109318.51,428.0,2104,0.12167300380228137
2017-04-01,23.0,237,117,58,18100.0,75299.75,279.0,2104,0.1126425855513308
2017-04-01,24.0,231,128,58,18500.0,75784.84,335.0,2104,0.10979087452471482
2017-04-01,25.0,240,120,52,16900.0,74758.97,313.0,2104,0.11406844106463879
2017-04-01,26.0,236,114,49,15200.0,70497.02,274.0,2104,0.11216730038022814
2017-04-01,27.0,220,106,47,14500.0,59468.58,250.0,2104,0.10456273764258556
2017-04-01,28.0,226,113,50,15500.0,75896.61,313.0,2104,0.10741444866920152
2017-04-01,29.0,228,110,46,14700.0,75360.91,300.0,2104,0.10836501901140684
2017-04-01,30.0,230,100,43,14000.0,57289.67,241.0,2104,0.10931558935361217
2017-04-01,31.0,233,117,51,16000.0,94845.62,373.0,2104,0.11074144486692016
2017-04-01,32.0,232,115,45,14600.0,70828.4,293.0,2104,0.11026615969581749
2017-04-01,33.0,244,126,57,18600.0,101636.47,402.0,2104,0.11596958174904944
2017-04-01,34.0,236,126,59,19200.0,101321.75,414.0,2104,0.11216730038022814
2017-04-01,35.0,249,116,53,17100.0,93980.92,364.0,2104,0.11834600760456274
2017-04-01,36.0,259,126,58,17800.0,98226.75,380.0,2104,0.12309885931558935
2017-04-01,37.0,246,138,53,16700.0,96006.06,379.0,2104,0.11692015209125475
2017-04-01,38.0,239,128,52,16500.0,73966.78,318.0,2104,0.11359315589353612
2017-04-01,39.0,239,113,53,17200.0,78141.54,314.0,2104,0.11359315589353612
2017-04-01,40.0,219,112,46,15500.0,87512.53,339.0,2104,0.10408745247148289
2017-04-01,41.0,220,113,44,14200.0,81764.24,329.0,2104,0.10456273764258556
2017-04-01,42.0,221,114,49,15300.0,81022.33,324.0,2104,0.10503802281368821
2017-04-01,43.0,220,104,50,15000.0,84339.56,339.0,2104,0.10456273764258556
2017-04-01,44.0,231,114,49,15100.0,78458.5,321.0,2104,0.10979087452471482
2017-04-01,45.0,256,145,57,17300.0,117278.0,451.0,2104,0.12167300380228137
2017-04-01,46.0,253,144,63,18200.0,97406.6,401.0,2104,0.12024714828897339
2017-04-01,47.0,245,127,55,15800.0,93021.01,380.0,2104,0.11644486692015209
2017-04-01,48.0,256,131,61,17800.0,87363.57,340.0,2104,0.12167300380228137
2017-04-01,49.0,256,132,59,17200.0,99783.33,392.0,2104,0.12167300380228137
2017-04-01,50.0,262,136,61,18000.0,118785.13,490.0,2104,0.12452471482889733
2017-04-01,51.0,257,130,62,18600.0,100562.13,404.0,2104,0.12214828897338403
2017-04-01,52.0,243,127,63,18300.0,104845.83,429.0,2104,0.11549429657794677
2017-04-01,53.0,252,133,60,16800.0,92011.74,400.0,2104,0.11977186311787072
2017-04-01,54.0,246,138,57,17000.0,108863.31,417.0,2104,0.11692015209125475
2017-04-01,55.0,246,135,61,18500.0,91397.52,349.0,2104,0.11692015209125475
2017-04-01,56.0,249,135,57,18000.0,90291.91,380.0,2104,0.11834600760456274
2017-04-01,57.0,247,119,62,19000.0,100370.59,397.0,2104,0.11739543726235742
2017-04-01,58.0,267,133,62,18100.0,92314.25,383.0,2104,0.12690114068441063
2017-04-01,59.0,265,124,55,15500.0,92062.36,386.0,2104,0.12595057034220533
2017-04-01,60.0,256,124,61,19000.0,80507.09,349.0,2104,0.12167300380228137
2017-04-01,61.0,246,129,67,21300.0,100709.37,409.0,2104,0.11692015209125475
2017-04-01,62.0,255,141,65,20900.0,122010.73,483.0,2104,0.1211977186311787
2017-04-01,63.0,239,131,61,19000.0,93598.69,364.0,2104,0.11359315589353612
2017-04-01,64.0,251,124,56,17800.0,98778.79000000001,398.0,2104,0.11929657794676807
2017-04-01,65.0,239,109,51,16500.0,94950.1,374.0,2104,0.11359315589353612
2017-04-01,66.0,258,129,57,18800.0,131418.03,483.0,2104,0.12262357414448669
2017-04-01,67.0,259,121,55,18000.0,82930.98,323.0,2104,0.12309885931558935
2017-04-01,68.0,247,124,55,16800.0,85544.33,370.0,2104,0.11739543726235742
2017-04-01,69.0,245,117,54,15700.0,91925.57,341.0,2104,0.11644486692015209
2017-05-01,0.0,129,53,16,3800.0,46853.08,188.0,129,1.0
2017-05-01,1.0,95,41,20,5200.0,36683.62,136.0,129,0.7364341085271318
2017-05-01,2.0,72,37,18,4500.0,35371.05,121.0,129,0.5581395348837209
2017-05-01,3.0,56,35,19,4700.0,20316.95,86.0,129,0.43410852713178294
2017-05-01,4.0,41,27,15,4400.0,19481.83,73.0,129,0.3178294573643411
2017-05-01,5.0,35,24,13,3700.0,10144.41,44.0,129,0.2713178294573643
2017-05-01,6.0,30,21,12,3500.0,16685.739999999998,62.0,129,0.23255813953488372
2017-05-01,7.0,26,15,8,2700.0,8622.79,35.0,129,0.20155038759689922
2017-05-01,8.0,22,14,7,2000.0,8477.23,38.0,129,0.17054263565891473
2017-05-01,9.0,19,11,7,2000.0,6627.45,25.0,129,0.14728682170542637
2017-05-01,10.0,13,13,8,2700.0,6227.7,26.0,129,0.10077519379844961
2017-05-01,11.0,15,10,6,2000.0,7240.37,32.0,129,0.11627906976744186
2017-05-01,12.0,15,9,7,2000.0,4547.95,23.0,129,0.11627906976744186
2017-05-01,13.0,15,8,5,1600.0,6837.21,35.0,129,0.11627906976744186
2017-05-01,14.0,15,12,5,1300.0,10117.48,41.0,129,0.11627906976744186
2017-05-01,15.0,15,8,3,900.0,8674.5,28.0,129,0.11627906976744186
2017-05-01,16.0,15,6,3,900.0,10990.529999999999,35.0,129,0.11627906976744186
2017-05-01,17.0,20,9,2,400.0,8076.38,35.0,129,0.15503875968992248
2017-05-01,18.0,17,5,2,400.0,8625.42,26.0,129,0.13178294573643412
2017-05-01,19.0,18,10,3,900.0,9427.84,37.0,129,0.13953488372093023
2017-05-01,20.0,17,6,2,700.0,5028.0,19.0,129,0.13178294573643412
2017-05-01,21.0,16,6,5,1600.0,4976.75,21.0,129,0.12403100775193798
2017-05-01,22.0,13,10,5,1600.0,7648.27,28.0,129,0.10077519379844961
2017-05-01,23.0,13,7,4,1100.0,13726.52,48.0,129,0.10077519379844961
2017-05-01,24.0,12,10,4,1100.0,7877.28,30.0,129,0.09302325581395349
2017-05-01,25.0,11,9,6,1500.0,13515.89,53.0,129,0.08527131782945736
2017-05-01,26.0,11,7,6,2000.0,4488.38,19.0,129,0.08527131782945736
2017-05-01,27.0,16,12,7,2000.0,19269.8,61.0,129,0.12403100775193798
2017-05-01,28.0,16,13,6,1800.0,9327.3,38.0,129,0.12403100775193798
2017-05-01,29.0,16,8,6,1800.0,5662.86,17.0,129,0.12403100775193798
2017-05-01,30.0,12,8,6,1800.0,6351.91,20.0,129,0.09302325581395349
2017-05-01,31.0,15,10,6,1800.0,4362.59,15.0,129,0.11627906976744186
2017-05-01,32.0,16,11,6,2100.0,8345.27,34.0,129,0.12403100775193798
2017-05-01,33.0,16,11,7,2300.0,10779.24,46.0,129,0.12403100775193798
2017-05-01,34.0,15,6,4,1100.0,6734.24,28.0,129,0.11627906976744186
2017-05-01,35.0,16,10,7,2000.0,10804.01,43.0,129,0.12403100775193798
2017-05-01,36.0,17,9,6,1500.0,6207.75,24.0,129,0.13178294573643412
2017-05-01,37.0,19,10,5,1300.0,10387.44,36.0,129,0.14728682170542637
2017-05-01,38.0,20,12,8,2200.0,9822.54,46.0,129,0.15503875968992248
2017-05-01,39.0,18,8,4,1100.0,3826.65,18.0,129,0.13953488372093023
2017-05-01,40.0,16,7,3,600.0,3083.55,11.0,129,0.12403100775193798
2017-05-01,41.0,19,11,4,1100.0,8628.2,30.0,129,0.14728682170542637
2017-05-01,42.0,20,9,1,500.0,4431.0,15.0,129,0.15503875968992248
2017-05-01,43.0,16,4,0,0.0,2251.0,9.0,129,0.12403100775193798
2017-05-01,44.0,16,6,0,0.0,3198.0,13.0,129,0.12403100775193798
2017-05-01,45.0,14,4,2,700.0,4644.87,19.0,129,0.10852713178294573
2017-05-01,46.0,18,7,2,700.0,6132.7,19.0,129,0.13953488372093023
2017-05-01,47.0,20,9,3,900.0,10159.35,39.0,129,0.15503875968992248
2017-05-01,48.0,19,9,4,1400.0,6826.64,26.0,129,0.14728682170542637
2017-05-01,49.0,20,8,3,1200.0,6156.61,33.0,129,0.15503875968992248
2017-05-01,50.0,19,8,3,1200.0,5187.2,26.0,129,0.14728682170542637
2017-05-01,51.0,20,6,3,1200.0,5966.4,20.0,129,0.15503875968992248
2017-05-01,52.0,17,5,3,900.0,4285.13,19.0,129,0.13178294573643412
2017-05-01,53.0,18,10,4,1400.0,9852.73,33.0,129,0.13953488372093023
2017-05-01,54.0,22,12,6,2100.0,10953.95,40.0,129,0.17054263565891473
2017-05-01,55.0,20,14,6,2300.0,9439.24,41.0,129,0.15503875968992248
2017-05-01,56.0,19,13,4,1600.0,9185.9,38.0,129,0.14728682170542637
2017-05-01,57.0,17,5,3,1400.0,2630.3,12.0,129,0.13178294573643412
2017-05-01,58.0,15,6,4,1600.0,4529.01,13.0,129,0.11627906976744186
2017-05-01,59.0,13,7,5,1300.0,3074.36,11.0,129,0.10077519379844961
2017-05-01,60.0,13,7,4,1100.0,5411.12,21.0,129,0.10077519379844961
2017-05-01,61.0,11,5,3,900.0,3960.59,15.0,129,0.08527131782945736
2017-05-01,62.0,10,7,3,900.0,2215.0,9.0,129,0.07751937984496124
2017-05-01,63.0,10,6,3,1200.0,1892.0,6.0,129,0.07751937984496124
2017-05-01,64.0,13,7,3,900.0,4968.969999999999,21.0,129,0.10077519379844961
2017-05-01,65.0,15,7,3,900.0,5389.73,16.0,129,0.11627906976744186
2017-05-01,66.0,13,5,3,900.0,1082.0,4.0,129,0.10077519379844961
2017-05-01,67.0,12,6,3,900.0,3350.0,8.0,129,0.09302325581395349
2017-05-01,68.0,12,5,2,700.0,2246.13,10.0,129,0.09302325581395349
2017-06-01,0.0,277,108,13,2900.0,83771.35,327.0,277,1.0
2017-06-01,1.0,211,87,29,6700.0,71759.22,269.0,277,0.7617328519855595
2017-06-01,2.0,165,73,28,7500.0,58221.61,228.0,277,0.5956678700361011
2017-06-01,3.0,130,69,28,7800.0,52207.95,220.0,277,0.4693140794223827
2017-06-01,4.0,99,60,32,10000.0,44862.54,180.0,277,0.3574007220216607
2017-06-01,5.0,72,49,27,7900.0,30965.18,123.0,277,0.259927797833935
2017-06-01,6.0,61,39,21,6400.0,22100.33,99.0,277,0.22021660649819494
2017-06-01,7.0,52,39,19,5800.0,29700.72,116.0,277,0.18772563176895307
2017-06-01,8.0,47,24,14,4200.0,22999.05,95.0,277,0.16967509025270758
2017-06-01,9.0,48,23,14,4500.0,14719.98,55.0,277,0.17328519855595667
2017-06-01,10.0,43,31,14,4500.0,23000.37,98.0,277,0.1552346570397112
2017-06-01,11.0,38,26,16,5100.0,29331.46,103.0,277,0.1371841155234657
2017-06-01,12.0,37,21,16,5100.0,13402.279999999999,53.0,277,0.13357400722021662
2017-06-01,13.0,34,27,15,5700.0,20551.87,88.0,277,0.12274368231046931
2017-06-01,14.0,32,21,14,5800.0,16770.7,63.0,277,0.11552346570397112
2017-06-01,15.0,28,16,8,3200.0,6806.66,27.0,277,0.10108303249097472
2017-06-01,16.0,31,20,7,2500.0,11522.3,43.0,277,0.11191335740072202
2017-06-01,17.0,29,16,7,2500.0,13587.92,57.0,277,0.10469314079422383
2017-06-01,18.0,23,13,9,2700.0,14811.74,51.0,277,0.08303249097472924
2017-06-01,19.0,23,15,9,2400.0,12622.36,55.0,277,0.08303249097472924
2017-06-01,20.0,18,14,10,2600.0,9659.39,44.0,277,0.06498194945848375
2017-06-01,21.0,17,14,10,2600.0,6937.17,21.0,277,0.061371841155234655
2017-06-01,22.0,23,11,8,2200.0,12568.77,53.0,277,0.08303249097472924
2017-06-01,23.0,24,13,8,2200.0,3992.3,19.0,277,0.08664259927797834
2017-06-01,24.0,29,13,6,1500.0,9207.61,44.0,277,0.10469314079422383
2017-06-01,25.0,23,9,4,800.0,11263.67,41.0,277,0.08303249097472924
2017-06-01,26.0,22,10,5,1300.0,8315.21,31.0,277,0.07942238267148015
2017-06-01,27.0,27,9,4,1100.0,6580.02,25.0,277,0.09747292418772563
2017-06-01,28.0,33,13,4,1100.0,14735.21,56.0,277,0.11913357400722022
2017-06-01,29.0,31,15,5,1300.0,11699.869999999999,42.0,277,0.11191335740072202
2017-06-01,30.0,31,15,4,800.0,9735.52,42.0,277,0.11191335740072202
2017-06-01,31.0,36,14,5,1000.0,7359.2,32.0,277,0.1299638989169675
2017-06-01,32.0,32,20,5,1000.0,17540.01,69.0,277,0.11552346570397112
2017-06-01,33.0,34,13,4,800.0,10490.78,40.0,277,0.12274368231046931
2017-06-01,34.0,25,11,5,1000.0,13803.31,52.0,277,0.09025270758122744
2017-06-01,35.0,34,16,7,1400.0,14400.51,57.0,277,0.12274368231046931
2017-06-01,36.0,34,14,6,1500.0,10700.29,47.0,277,0.12274368231046931
2017-06-01,37.0,35,14,8,2200.0,7960.14,37.0,277,0.1263537906137184
2017-06-01,38.0,33,21,10,2600.0,12102.46,44.0,277,0.11913357400722022
2017-06-01,39.0,37,20,10,2600.0,13319.4,57.0,277,0.13357400722021662
2017-06-01,40.0,41,25,10,2600.0,15091.99,63.0,277,0.148014440433213
2017-06-01,41.0,44,23,12,3000.0,16998.62,53.0,277,0.1588447653429603
2017-06-01,42.0,48,18,10,2600.0,11521.97,57.0,277,0.17328519855595667
2017-06-01,43.0,47,23,10,2900.0,13111.66,57.0,277,0.16967509025270758
2017-06-01,44.0,44,22,10,2600.0,17842.4,74.0,277,0.1588447653429603
2017-06-01,45.0,42,23,9,2400.0,16454.66,58.0,277,0.15162454873646208
2017-06-01,46.0,38,20,11,3600.0,17986.17,76.0,277,0.1371841155234657
2017-06-01,47.0,38,22,11,3300.0,7976.98,41.0,277,0.1371841155234657
2017-06-01,48.0,35,18,12,3300.0,17310.74,67.0,277,0.1263537906137184
2017-06-01,49.0,32,17,13,3500.0,8153.03,35.0,277,0.11552346570397112
2017-06-01,50.0,28,18,7,2000.0,7803.84,31.0,277,0.10108303249097472
2017-06-01,51.0,27,10,6,1800.0,2009.0,8.0,277,0.09747292418772563
2017-06-01,52.0,24,11,4,1100.0,7154.66,30.0,277,0.08664259927797834
2017-06-01,53.0,26,12,5,1300.0,12640.43,56.0,277,0.09386281588447654
2017-06-01,54.0,34,14,5,1300.0,13482.65,50.0,277,0.12274368231046931
2017-06-01,55.0,33,17,4,1100.0,11598.4,54.0,277,0.11913357400722022
2017-06-01,56.0,33,18,4,1100.0,11419.0,42.0,277,0.11913357400722022
2017-06-01,57.0,33,11,4,1400.0,6903.99,25.0,277,0.11913357400722022
2017-06-01,58.0,31,10,3,900.0,7175.1,25.0,277,0.11191335740072202
2017-06-01,59.0,29,7,3,1200.0,4780.4,16.0,277,0.10469314079422383
2017-06-01,60.0,29,14,5,1600.0,11007.64,46.0,277,0.10469314079422383
2017-06-01,61.0,34,19,5,1300.0,15025.970000000001,54.0,277,0.12274368231046931
2017-06-01,62.0,36,24,5,1300.0,15117.03,52.0,277,0.1299638989169675
2017-06-01,63.0,35,16,9,2400.0,15051.24,63.0,277,0.1263537906137184
2017-06-01,64.0,36,20,9,2400.0,8602.7,32.0,277,0.1299638989169675
2017-06-01,65.0,32,18,10,2300.0,8156.73,31.0,277,0.11552346570397112
2017-06-01,66.0,34,20,9,1800.0,10426.02,42.0,277,0.12274368231046931
2017-06-01,67.0,38,16,6,1200.0,11161.45,49.0,277,0.1371841155234657
2017-07-01,0.0,305,111,14,5100.0,91297.82,347.0,305,1.0
2017-07-01,1.0,230,100,30,9500.0,75153.34,309.0,305,0.7540983606557377
2017-07-01,2.0,159,79,30,9400.0,68202.75,286.0,305,0.521311475409836
2017-07-01,3.0,121,65,30,9700.0,58176.24,221.0,305,0.39672131147540984
2017-07-01,4.0,97,46,27,8400.0,34646.02,140.0,305,0.3180327868852459
2017-07-01,5.0,76,49,22,6500.0,31901.45,115.0,305,0.24918032786885247
2017-07-01,6.0,62,33,18,5400.0,15940.97,71.0,305,0.20327868852459016
2017-07-01,7.0,53,29,15,4500.0,21828.27,78.0,305,0.1737704918032787
2017-07-01,8.0,46,28,11,3700.0,19080.39,74.0,305,0.15081967213114755
2017-07-01,9.0,47,21,12,3900.0,17256.43,72.0,305,0.1540983606557377
2017-07-01,10.0,50,22,11,3700.0,20670.83,82.0,305,0.16393442622950818
2017-07-01,11.0,46,25,12,4200.0,26166.739999999998,93.0,305,0.15081967213114755
2017-07-01,12.0,47,25,15,5400.0,19352.81,84.0,305,0.1540983606557377
2017-07-01,13.0,38,28,14,4900.0,19118.41,81.0,305,0.12459016393442623
2017-07-01,14.0,38,23,14,4900.0,11693.01,40.0,305,0.12459016393442623
2017-07-01,15.0,40,25,12,3900.0,19344.71,71.0,305,0.13114754098360656
2017-07-01,16.0,40,18,9,2700.0,12721.32,54.0,305,0.13114754098360656
2017-07-01,17.0,39,14,8,2400.0,20875.86,79.0,305,0.12786885245901639
2017-07-01,18.0,32,11,7,1700.0,7434.21,33.0,305,0.10491803278688525
2017-07-01,19.0,30,20,7,1700.0,14931.78,68.0,305,0.09836065573770492
2017-07-01,20.0,33,14,8,1900.0,11616.93,42.0,305,0.10819672131147541
2017-07-01,21.0,27,13,6,1200.0,7917.84,32.0,305,0.08852459016393442
2017-07-01,22.0,25,10,6,1200.0,7745.26,35.0,305,0.08196721311475409
2017-07-01,23.0,24,11,6,1200.0,5899.75,33.0,305,0.07868852459016394
2017-07-01,24.0,30,14,6,1200.0,13525.119999999999,43.0,305,0.09836065573770492
2017-07-01,25.0,36,17,7,1400.0,10380.64,41.0,305,0.1180327868852459
2017-07-01,26.0,36,12,6,1200.0,10842.4,41.0,305,0.1180327868852459
2017-07-01,27.0,33,16,6,1200.0,9685.24,36.0,305,0.10819672131147541
2017-07-01,28.0,29,11,7,1700.0,14943.509999999998,53.0,305,0.09508196721311475
2017-07-01,29.0,27,16,7,1700.0,9333.17,35.0,305,0.08852459016393442
2017-07-01,30.0,29,12,5,1300.0,7335.12,39.0,305,0.09508196721311475
2017-07-01,31.0,27,9,5,1300.0,6067.98,20.0,305,0.08852459016393442
2017-07-01,32.0,29,13,4,1100.0,4599.0,18.0,305,0.09508196721311475
2017-07-01,33.0,31,10,4,1400.0,7922.9,23.0,305,0.10163934426229508
2017-07-01,34.0,35,16,6,2100.0,15416.48,57.0,305,0.11475409836065574
2017-07-01,35.0,31,18,9,2700.0,16197.46,71.0,305,0.10163934426229508
2017-07-01,36.0,26,16,11,3100.0,12745.29,42.0,305,0.08524590163934426
2017-07-01,37.0,27,18,12,3600.0,16915.21,67.0,305,0.08852459016393442
2017-07-01,38.0,29,19,11,3400.0,15413.05,68.0,305,0.09508196721311475
2017-07-01,39.0,25,15,9,2700.0,11864.1,54.0,305,0.08196721311475409
2017-07-01,40.0,24,11,8,2200.0,7538.969999999999,31.0,305,0.07868852459016394
2017-07-01,41.0,21,9,5,1300.0,3412.52,14.0,305,0.06885245901639345
2017-07-01,42.0,27,15,6,1500.0,14710.7,52.0,305,0.08852459016393442
2017-07-01,43.0,27,11,7,2000.0,6679.13,25.0,305,0.08852459016393442
2017-07-01,44.0,31,19,9,2700.0,11451.619999999999,62.0,305,0.10163934426229508
2017-07-01,45.0,38,22,10,2600.0,16331.8,65.0,305,0.12459016393442623
2017-07-01,46.0,37,17,6,1500.0,16351.48,59.0,305,0.12131147540983607
2017-07-01,47.0,31,18,5,1300.0,13768.0,58.0,305,0.10163934426229508
2017-07-01,48.0,35,21,9,2400.0,19689.35,82.0,305,0.11475409836065574
2017-07-01,49.0,40,20,10,2900.0,24533.1,85.0,305,0.13114754098360656
2017-07-01,50.0,36,16,8,2200.0,17767.32,56.0,305,0.1180327868852459
2017-07-01,51.0,37,19,11,3100.0,14631.66,65.0,305,0.12131147540983607
2017-07-01,52.0,40,21,10,3200.0,8333.2,36.0,305,0.13114754098360656
2017-07-01,53.0,34,20,11,3400.0,13933.59,62.0,305,0.11147540983606558
2017-07-01,54.0,33,22,15,4200.0,21112.24,83.0,305,0.10819672131147541
2017-07-01,55.0,33,16,11,3100.0,12534.880000000001,50.0,305,0.10819672131147541
2017-07-01,56.0,33,16,8,2200.0,11890.17,51.0,305,0.10819672131147541
2017-07-01,57.0,41,16,9,2700.0,14428.52,49.0,305,0.13442622950819672
2017-07-01,58.0,39,21,8,1900.0,23224.62,77.0,305,0.12786885245901639
2017-07-01,59.0,39,19,8,1900.0,10284.72,44.0,305,0.12786885245901639
2017-07-01,60.0,33,23,8,2200.0,13876.24,59.0,305,0.10819672131147541
2017-07-01,61.0,33,15,10,2900.0,11524.96,38.0,305,0.10819672131147541
2017-07-01,62.0,34,20,11,3100.0,11842.2,48.0,305,0.11147540983606558
2017-07-01,63.0,32,25,11,2800.0,23925.68,90.0,305,0.10491803278688525
2017-07-01,64.0,27,15,10,2300.0,5751.38,21.0,305,0.08852459016393442
2017-07-01,65.0,27,14,9,1800.0,8784.57,31.0,305,0.08852459016393442
2017-07-01,66.0,25,13,9,1800.0,7154.37,29.0,305,0.08196721311475409
2017-08-01,0.0,320,94,8,2800.0,72095.64,276.0,320,1.0
2017-08-01,1.0,242,80,19,6400.0,75615.6,300.0,320,0.75625
2017-08-01,2.0,190,75,23,8000.0,76340.93,310.0,320,0.59375
2017-08-01,3.0,160,79,32,10700.0,65795.61,279.0,320,0.5
2017-08-01,4.0,122,64,37,11500.0,45285.71,194.0,320,0.38125
2017-08-01,5.0,101,56,34,11200.0,47983.840000000004,191.0,320,0.315625
2017-08-01,6.0,88,51,31,10300.0,27373.71,114.0,320,0.275
2017-08-01,7.0,79,41,26,8900.0,24452.49,104.0,320,0.246875
2017-08-01,8.0,70,34,21,7300.0,27871.78,107.0,320,0.21875
2017-08-01,9.0,66,34,20,6300.0,19224.010000000002,72.0,320,0.20625
2017-08-01,10.0,57,34,17,5100.0,18597.45,80.0,320,0.178125
2017-08-01,11.0,55,32,16,5200.0,21016.02,93.0,320,0.171875
2017-08-01,12.0,47,27,16,5200.0,10299.39,43.0,320,0.146875
2017-08-01,13.0,45,29,13,4600.0,11279.0,38.0,320,0.140625
2017-08-01,14.0,39,24,12,3600.0,11590.92,53.0,320,0.121875
2017-08-01,15.0,40,19,7,2000.0,15340.41,46.0,320,0.125
2017-08-01,16.0,35,21,11,3400.0,16367.74,62.0,320,0.109375
2017-08-01,17.0,39,21,10,2900.0,12833.97,58.0,320,0.121875
2017-08-01,18.0,35,22,8,2200.0,20325.940000000002,74.0,320,0.109375
2017-08-01,19.0,43,21,10,3200.0,10325.25,42.0,320,0.134375
2017-08-01,20.0,42,25,10,3200.0,14745.3,56.0,320,0.13125
2017-08-01,21.0,41,24,10,3200.0,9581.8,38.0,320,0.128125
2017-08-01,22.0,42,19,9,3600.0,10934.23,41.0,320,0.13125
2017-08-01,23.0,39,19,9,3800.0,10567.0,50.0,320,0.121875
2017-08-01,24.0,41,24,11,4500.0,23895.51,85.0,320,0.128125
2017-08-01,25.0,48,28,12,4800.0,16304.91,81.0,320,0.15
2017-08-01,26.0,45,20,11,4600.0,11588.5,46.0,320,0.140625
2017-08-01,27.0,43,22,11,4900.0,15134.9,68.0,320,0.134375
2017-08-01,28.0,36,22,15,6600.0,10151.5,47.0,320,0.1125
2017-08-01,29.0,37,26,11,4900.0,15524.68,67.0,320,0.115625
2017-08-01,30.0,43,20,10,4400.0,11916.62,46.0,320,0.134375
2017-08-01,31.0,49,27,12,4800.0,15323.03,59.0,320,0.153125
2017-08-01,32.0,42,21,11,3400.0,12849.44,52.0,320,0.13125
2017-08-01,33.0,37,21,10,2900.0,7716.39,34.0,320,0.115625
2017-08-01,34.0,38,18,9,3000.0,11328.380000000001,47.0,320,0.11875
2017-08-01,35.0,35,18,9,2700.0,11375.32,44.0,320,0.109375
2017-08-01,36.0,36,18,8,2500.0,11257.77,48.0,320,0.1125
2017-08-01,37.0,38,15,6,1800.0,10892.49,42.0,320,0.11875
2017-08-01,38.0,42,18,2,700.0,12081.0,39.0,320,0.13125
2017-08-01,39.0,51,17,6,2900.0,18666.7,74.0,320,0.159375
2017-08-01,40.0,50,19,8,3600.0,14579.71,70.0,320,0.15625
2017-08-01,41.0,49,21,9,3200.0,17963.47,69.0,320,0.153125
2017-08-01,42.0,43,19,10,3700.0,13212.39,55.0,320,0.134375
2017-08-01,43.0,32,14,7,2900.0,7622.35,31.0,320,0.1
2017-08-01,44.0,28,14,7,2600.0,7741.24,30.0,320,0.0875
2017-08-01,45.0,28,14,7,2300.0,6883.450000000001,29.0,320,0.0875
2017-08-01,46.0,30,17,7,1700.0,10405.939999999999,42.0,320,0.09375
2017-08-01,47.0,30,20,9,2400.0,14110.48,51.0,320,0.09375
2017-08-01,48.0,29,13,9,2400.0,9473.29,33.0,320,0.090625
2017-08-01,49.0,37,19,8,2500.0,16875.47,66.0,320,0.115625
2017-08-01,50.0,39,23,8,2500.0,15439.11,58.0,320,0.121875
2017-08-01,51.0,40,19,6,1500.0,11271.84,45.0,320,0.125
2017-08-01,52.0,44,19,4,800.0,14616.95,48.0,320,0.1375
2017-08-01,53.0,45,19,6,1200.0,13262.49,61.0,320,0.140625
2017-08-01,54.0,46,21,7,2400.0,20869.36,86.0,320,0.14375
2017-08-01,55.0,50,24,7,2200.0,23212.22,93.0,320,0.15625
2017-08-01,56.0,43,22,8,2400.0,21271.57,89.0,320,0.134375
2017-08-01,57.0,42,17,9,2800.0,17372.829999999998,64.0,320,0.13125
2017-08-01,58.0,46,23,11,2800.0,16154.92,62.0,320,0.14375
2017-08-01,59.0,44,25,12,3000.0,23322.21,74.0,320,0.1375
2017-08-01,60.0,35,14,9,2400.0,5990.86,26.0,320,0.109375
2017-08-01,61.0,40,21,8,2200.0,12305.65,45.0,320,0.125
2017-08-01,62.0,41,22,9,2400.0,13984.2,52.0,320,0.128125
2017-08-01,63.0,34,23,9,2100.0,17294.87,59.0,320,0.10625
2017-08-01,64.0,37,21,9,2100.0,10629.8,42.0,320,0.115625
2017-08-01,65.0,37,24,12,3000.0,14692.9,67.0,320,0.115625
2017-09-01,0.0,110,43,2,700.0,34838.09,132.0,110,1.0
2017-09-01,1.0,88,40,5,1300.0,28784.07,109.0,110,0.8
2017-09-01,2.0,70,32,9,2400.0,34182.32,141.0,110,0.6363636363636364
2017-09-01,3.0,57,27,11,3100.0,16901.33,67.0,110,0.5181818181818182
2017-09-01,4.0,38,18,7,2000.0,8744.57,46.0,110,0.34545454545454546
2017-09-01,5.0,32,10,6,2100.0,7917.59,33.0,110,0.2909090909090909
2017-09-01,6.0,19,12,5,1600.0,2485.0,13.0,110,0.17272727272727273
2017-09-01,7.0,16,3,1,200.0,490.0,2.0,110,0.14545454545454545
2017-09-01,8.0,21,8,2,400.0,10080.28,43.0,110,0.19090909090909092
2017-09-01,9.0,22,5,2,400.0,3289.7200000000003,14.0,110,0.2
2017-09-01,10.0,18,5,2,400.0,6086.299999999999,24.0,110,0.16363636363636364
2017-09-01,11.0,21,9,2,400.0,6963.700000000001,31.0,110,0.19090909090909092
2017-09-01,12.0,20,7,2,400.0,6267.6,17.0,110,0.18181818181818182
2017-09-01,13.0,20,10,4,800.0,9815.119999999999,30.0,110,0.18181818181818182
2017-09-01,14.0,17,9,6,1500.0,5173.18,24.0,110,0.15454545454545454
2017-09-01,15.0,13,6,4,1100.0,4262.59,20.0,110,0.11818181818181818
2017-09-01,16.0,13,5,2,400.0,5513.38,25.0,110,0.11818181818181818
2017-09-01,17.0,13,6,2,400.0,4711.96,22.0,110,0.11818181818181818
2017-09-01,18.0,13,5,3,900.0,4104.61,16.0,110,0.11818181818181818
2017-09-01,19.0,17,8,3,1200.0,6308.24,31.0,110,0.15454545454545454
2017-09-01,20.0,13,9,4,1700.0,6760.8,26.0,110,0.11818181818181818
2017-09-01,21.0,15,8,2,1000.0,5862.0,20.0,110,0.13636363636363635
2017-09-01,22.0,14,4,0,0.0,1631.0,7.0,110,0.12727272727272726
2017-09-01,23.0,15,4,1,500.0,4481.4,18.0,110,0.13636363636363635
2017-09-01,24.0,16,4,2,700.0,6323.37,19.0,110,0.14545454545454545
2017-09-01,25.0,13,6,3,600.0,6929.0,32.0,110,0.11818181818181818
2017-09-01,26.0,12,5,3,600.0,5167.38,22.0,110,0.10909090909090909
2017-09-01,27.0,13,6,3,600.0,6063.09,22.0,110,0.11818181818181818
2017-09-01,28.0,13,7,4,1100.0,3314.9,14.0,110,0.11818181818181818
2017-09-01,29.0,10,6,3,900.0,2344.4,8.0,110,0.09090909090909091
2017-09-01,30.0,10,7,2,700.0,5939.9,22.0,110,0.09090909090909091
2017-09-01,31.0,11,5,2,700.0,1411.0,7.0,110,0.1
2017-09-01,32.0,11,5,1,200.0,3988.0,14.0,110,0.1
2017-09-01,33.0,9,4,2,400.0,2895.33,11.0,110,0.08181818181818182
2017-09-01,34.0,10,6,2,400.0,3332.04,15.0,110,0.09090909090909091
2017-09-01,35.0,10,6,4,800.0,8090.860000000001,28.0,110,0.09090909090909091
2017-09-01,36.0,10,7,5,1000.0,4171.11,17.0,110,0.09090909090909091
2017-09-01,37.0,12,7,4,1100.0,8928.92,33.0,110,0.10909090909090909
2017-09-01,38.0,15,5,3,900.0,4638.83,20.0,110,0.13636363636363635
2017-09-01,39.0,15,8,4,800.0,10475.96,34.0,110,0.13636363636363635
2017-09-01,40.0,11,7,4,800.0,6811.74,22.0,110,0.1
2017-09-01,41.0,12,6,3,600.0,6725.98,32.0,110,0.10909090909090909
2017-09-01,42.0,12,6,2,400.0,4625.610000000001,18.0,110,0.10909090909090909
2017-09-01,43.0,10,3,2,400.0,3221.81,16.0,110,0.09090909090909091
2017-09-01,44.0,14,6,2,400.0,4125.0,19.0,110,0.12727272727272726
2017-09-01,45.0,13,6,3,900.0,10611.41,37.0,110,0.11818181818181818
2017-09-01,46.0,14,7,3,900.0,4706.280000000001,24.0,110,0.12727272727272726
2017-09-01,47.0,18,7,2,400.0,4201.67,19.0,110,0.16363636363636364
2017-09-01,48.0,16,8,1,200.0,5173.26,19.0,110,0.14545454545454545
2017-09-01,49.0,12,6,1,200.0,5268.8,16.0,110,0.10909090909090909
2017-09-01,50.0,8,4,1,200.0,1838.0,7.0,110,0.07272727272727272
2017-09-01,51.0,11,4,1,200.0,3536.2799999999997,15.0,110,0.1
2017-09-01,52.0,11,7,2,400.0,3138.0,9.0,110,0.1
2017-09-01,53.0,12,6,3,600.0,6865.139999999999,28.0,110,0.10909090909090909
2017-09-01,54.0,9,7,2,400.0,3768.0,15.0,110,0.08181818181818182
2017-09-01,55.0,8,4,1,200.0,2439.0,9.0,110,0.07272727272727272
2017-09-01,56.0,10,4,1,200.0,4239.0,9.0,110,0.09090909090909091
2017-09-01,57.0,19,4,1,500.0,2277.0,10.0,110,0.17272727272727273
2017-09-01,58.0,23,10,2,1000.0,7783.6,27.0,110,0.20909090909090908
2017-09-01,59.0,21,8,4,1400.0,11142.34,45.0,110,0.19090909090909092
2017-09-01,60.0,16,11,4,1400.0,9921.62,45.0,110,0.14545454545454545
2017-09-01,61.0,20,9,3,1700.0,11964.49,50.0,110,0.18181818181818182
2017-09-01,62.0,18,10,5,1600.0,9725.14,47.0,110,0.16363636363636364
2017-09-01,63.0,18,13,5,1600.0,7910.4,28.0,110,0.16363636363636364
2017-09-01,64.0,14,9,4,1100.0,6321.98,23.0,110,0.12727272727272726
2017-10-01,0.0,182,64,11,2800.0,56568.58,211.0,182,1.0
2017-10-01,1.0,137,71,17,4500.0,58517.46,214.0,182,0.7527472527472527
2017-10-01,2.0,105,47,21,5900.0,38056.97,148.0,182,0.5769230769230769
2017-10-01,3.0,78,37,26,7200.0,31896.93,127.0,182,0.42857142857142855
2017-10-01,4.0,66,40,24,6000.0,33055.1,136.0,182,0.3626373626373626
2017-10-01,5.0,56,38,22,5600.0,22293.17,86.0,182,0.3076923076923077
2017-10-01,6.0,47,33,20,4900.0,21229.4,95.0,182,0.25824175824175827
2017-10-01,7.0,35,21,13,3500.0,12791.99,52.0,182,0.19230769230769232
2017-10-01,8.0,30,22,10,2600.0,9301.69,46.0,182,0.16483516483516483
2017-10-01,9.0,26,17,10,2900.0,13844.87,46.0,182,0.14285714285714285
2017-10-01,10.0,17,11,9,2400.0,6177.469999999999,20.0,182,0.09340659340659341
2017-10-01,11.0,17,18,8,1900.0,12053.46,43.0,182,0.09340659340659341
2017-10-01,12.0,17,14,9,2600.0,8707.2,24.0,182,0.09340659340659341
2017-10-01,13.0,17,8,4,1600.0,5323.6,25.0,182,0.09340659340659341
2017-10-01,14.0,21,13,5,1800.0,9444.45,29.0,182,0.11538461538461539
2017-10-01,15.0,19,9,5,1800.0,8121.51,28.0,182,0.1043956043956044
2017-10-01,16.0,21,10,4,1100.0,7376.0599999999995,37.0,182,0.11538461538461539
2017-10-01,17.0,24,10,4,1600.0,9471.560000000001,44.0,182,0.13186813186813187
2017-10-01,18.0,24,13,6,2000.0,7129.4400000000005,28.0,182,0.13186813186813187
2017-10-01,19.0,24,15,5,1800.0,12962.0,48.0,182,0.13186813186813187
2017-10-01,20.0,22,10,3,1400.0,8819.1,28.0,182,0.12087912087912088
2017-10-01,21.0,22,6,4,1100.0,8157.27,30.0,182,0.12087912087912088
2017-10-01,22.0,23,10,4,1100.0,7236.21,28.0,182,0.12637362637362637
2017-10-01,23.0,27,9,4,800.0,6774.4400000000005,31.0,182,0.14835164835164835
2017-10-01,24.0,26,7,4,800.0,6356.74,25.0,182,0.14285714285714285
2017-10-01,25.0,24,8,5,1300.0,9942.65,40.0,182,0.13186813186813187
2017-10-01,26.0,22,9,5,1300.0,9882.85,41.0,182,0.12087912087912088
2017-10-01,27.0,29,13,4,1100.0,10589.0,41.0,182,0.15934065934065933
2017-10-01,28.0,24,13,6,1800.0,10103.06,45.0,182,0.13186813186813187
2017-10-01,29.0,22,11,6,1800.0,9651.31,32.0,182,0.12087912087912088
2017-10-01,30.0,26,15,7,2000.0,14109.57,46.0,182,0.14285714285714285
2017-10-01,31.0,29,15,8,2200.0,14444.529999999999,54.0,182,0.15934065934065933
2017-10-01,32.0,24,14,7,2300.0,10380.6,30.0,182,0.13186813186813187
2017-10-01,33.0,21,13,7,2000.0,8032.28,30.0,182,0.11538461538461539
2017-10-01,34.0,19,13,6,1800.0,8288.32,35.0,182,0.1043956043956044
2017-10-01,35.0,13,8,3,900.0,4217.72,18.0,182,0.07142857142857142
2017-10-01,36.0,12,4,2,400.0,1004.0,4.0,182,0.06593406593406594
2017-10-01,37.0,16,4,1,200.0,3479.0,8.0,182,0.08791208791208792
2017-10-01,38.0,19,4,1,500.0,4628.4,15.0,182,0.1043956043956044
2017-10-01,39.0,19,6,1,500.0,4289.0,16.0,182,0.1043956043956044
2017-10-01,40.0,16,4,0,0.0,2412.0,9.0,182,0.08791208791208792
2017-10-01,41.0,11,4,1,500.0,2154.5,9.0,182,0.06043956043956044
2017-10-01,42.0,12,4,1,500.0,2279.0,6.0,182,0.06593406593406594
2017-10-01,43.0,17,3,1,200.0,5017.98,14.0,182,0.09340659340659341
2017-10-01,44.0,24,12,3,900.0,15190.86,48.0,182,0.13186813186813187
2017-10-01,45.0,22,7,4,1400.0,4302.99,24.0,182,0.12087912087912088
2017-10-01,46.0,22,10,4,1400.0,9158.48,35.0,182,0.12087912087912088
2017-10-01,47.0,24,13,2,700.0,11180.8,40.0,182,0.13186813186813187
2017-10-01,48.0,21,10,1,500.0,6013.0,22.0,182,0.11538461538461539
2017-10-01,49.0,26,12,3,900.0,7546.57,32.0,182,0.14285714285714285
2017-10-01,50.0,26,8,3,600.0,6881.83,31.0,182,0.14285714285714285
2017-10-01,51.0,24,9,3,600.0,8964.79,37.0,182,0.13186813186813187
2017-10-01,52.0,20,9,3,600.0,10484.05,40.0,182,0.10989010989010989
2017-10-01,53.0,17,9,2,400.0,6531.63,31.0,182,0.09340659340659341
2017-10-01,54.0,17,5,2,400.0,8335.61,32.0,182,0.09340659340659341
2017-10-01,55.0,16,7,2,400.0,5914.54,22.0,182,0.08791208791208792
2017-10-01,56.0,19,5,1,200.0,2460.0,11.0,182,0.1043956043956044
2017-10-01,57.0,21,8,2,700.0,4997.7,18.0,182,0.11538461538461539
2017-10-01,58.0,20,6,2,700.0,3511.34,14.0,182,0.10989010989010989
2017-10-01,59.0,23,9,4,1100.0,6724.11,26.0,182,0.12637362637362637
2017-10-01,60.0,28,11,4,1600.0,10947.47,40.0,182,0.15384615384615385
2017-10-01,61.0,26,9,3,1600.0,9568.7,31.0,182,0.14285714285714285
2017-10-01,62.0,28,12,3,1100.0,9805.8,35.0,182,0.15384615384615385
2017-10-01,63.0,32,15,3,1100.0,12428.0,38.0,182,0.17582417582417584
2017-11-01,0.0,141,53,6,1800.0,36488.91,155.0,141,1.0
2017-11-01,1.0,105,46,15,5400.0,37815.76,167.0,141,0.7446808510638298
2017-11-01,2.0,83,36,14,4900.0,27513.63,112.0,141,0.5886524822695035
2017-11-01,3.0,69,29,10,3400.0,27845.32,120.0,141,0.48936170212765956
2017-11-01,4.0,47,19,10,3400.0,11687.93,55.0,141,0.3333333333333333
2017-11-01,5.0,46,27,13,4100.0,19336.5,95.0,141,0.3262411347517731
2017-11-01,6.0,42,23,13,4100.0,25364.309999999998,93.0,141,0.2978723404255319
2017-11-01,7.0,34,20,12,3600.0,9683.37,43.0,141,0.24113475177304963
2017-11-01,8.0,32,20,10,3200.0,12122.46,50.0,141,0.22695035460992907
2017-11-01,9.0,29,15,7,2300.0,5884.91,21.0,141,0.20567375886524822
2017-11-01,10.0,27,14,9,2400.0,14821.56,62.0,141,0.19148936170212766
2017-11-01,11.0,22,17,10,2600.0,7819.03,33.0,141,0.15602836879432624
2017-11-01,12.0,19,13,6,1500.0,5507.8099999999995,28.0,141,0.1347517730496454
2017-11-01,13.0,21,11,6,1500.0,5213.18,18.0,141,0.14893617021276595
2017-11-01,14.0,22,12,5,1600.0,10900.05,44.0,141,0.15602836879432624
2017-11-01,15.0,17,11,5,1600.0,8990.92,36.0,141,0.12056737588652482
2017-11-01,16.0,19,13,7,2300.0,10818.66,35.0,141,0.1347517730496454
2017-11-01,17.0,21,12,4,1400.0,7062.84,23.0,141,0.14893617021276595
2017-11-01,18.0,21,9,3,1200.0,6697.8,19.0,141,0.14893617021276595
2017-11-01,19.0,22,7,5,2100.0,5409.1900000000005,22.0,141,0.15602836879432624
2017-11-01,20.0,21,10,5,1800.0,9082.31,37.0,141,0.14893617021276595
2017-11-01,21.0,21,11,6,1800.0,7342.21,32.0,141,0.14893617021276595
2017-11-01,22.0,19,15,7,2000.0,8445.68,45.0,141,0.1347517730496454
2017-11-01,23.0,16,11,6,1500.0,5489.75,31.0,141,0.11347517730496454
2017-11-01,24.0,17,6,4,1100.0,1146.0,5.0,141,0.12056737588652482
2017-11-01,25.0,15,6,2,700.0,1734.0,7.0,141,0.10638297872340426
2017-11-01,26.0,12,6,3,900.0,4742.42,19.0,141,0.0851063829787234
2017-11-01,27.0,16,7,2,400.0,11428.66,39.0,141,0.11347517730496454
2017-11-01,28.0,18,9,2,400.0,9281.07,29.0,141,0.1276595744680851
2017-11-01,29.0,17,9,2,400.0,5685.0,20.0,141,0.12056737588652482
2017-11-01,30.0,20,8,0,0.0,7397.0,24.0,141,0.14184397163120568
2017-11-01,31.0,20,8,1,200.0,6028.45,18.0,141,0.14184397163120568
2017-11-01,32.0,17,6,1,400.0,7047.27,23.0,141,0.12056737588652482
2017-11-01,33.0,14,6,1,200.0,5699.87,16.0,141,0.09929078014184398
2017-11-01,34.0,13,4,1,200.0,2016.0,7.0,141,0.09219858156028368
2017-11-01,35.0,14,7,5,1600.0,6541.9400000000005,29.0,141,0.09929078014184398
2017-11-01,36.0,13,8,4,1400.0,3266.2,17.0,141,0.09219858156028368
2017-11-01,37.0,15,5,3,1200.0,3393.1,12.0,141,0.10638297872340426
2017-11-01,38.0,12,5,3,1200.0,708.0,4.0,141,0.0851063829787234
2017-11-01,39.0,15,10,3,1200.0,8462.880000000001,30.0,141,0.10638297872340426
2017-11-01,40.0,21,9,5,1900.0,16486.809999999998,61.0,141,0.14893617021276595
2017-11-01,41.0,20,12,5,2400.0,11477.92,47.0,141,0.14184397163120568
2017-11-01,42.0,21,9,4,2400.0,5456.29,25.0,141,0.14893617021276595
2017-11-01,43.0,20,9,5,2100.0,8155.030000000001,36.0,141,0.14184397163120568
2017-11-01,44.0,14,7,5,2100.0,2292.5,10.0,141,0.09929078014184398
2017-11-01,45.0,13,8,5,1600.0,2332.8,15.0,141,0.09219858156028368
2017-11-01,46.0,12,4,3,900.0,3337.3,4.0,141,0.0851063829787234
2017-11-01,47.0,12,6,3,900.0,2147.0,9.0,141,0.0851063829787234
2017-11-01,48.0,10,5,2,400.0,2070.0,8.0,141,0.07092198581560284
2017-11-01,49.0,11,4,3,900.0,929.4,4.0,141,0.07801418439716312
2017-11-01,50.0,11,3,2,700.0,1220.1,6.0,141,0.07801418439716312
2017-11-01,51.0,12,5,2,700.0,2655.0,8.0,141,0.0851063829787234
2017-11-01,52.0,11,6,3,900.0,4962.63,18.0,141,0.07801418439716312
2017-11-01,53.0,13,3,1,200.0,967.0,4.0,141,0.09219858156028368
2017-11-01,54.0,15,5,1,200.0,3163.51,9.0,141,0.10638297872340426
2017-11-01,55.0,12,7,2,400.0,7147.88,26.0,141,0.0851063829787234
2017-11-01,56.0,15,7,3,600.0,12591.85,45.0,141,0.10638297872340426
2017-11-01,57.0,18,6,3,600.0,6457.72,32.0,141,0.1276595744680851
2017-11-01,58.0,18,9,4,800.0,14445.02,57.0,141,0.1276595744680851
2017-11-01,59.0,22,9,4,800.0,15844.35,47.0,141,0.15602836879432624
2017-11-01,60.0,21,10,6,1200.0,8690.49,29.0,141,0.14893617021276595
2017-11-01,61.0,19,15,7,1400.0,8357.720000000001,34.0,141,0.1347517730496454
2017-11-01,62.0,16,12,7,1400.0,7502.02,36.0,141,0.11347517730496454
2017-12-01,0.0,473,167,20,5200.0,125592.89,481.0,473,1.0
2017-12-01,1.0,374,143,42,11100.0,135057.17,557.0,473,0.7906976744186046
2017-12-01,2.0,297,133,53,14500.0,120166.6,476.0,473,0.627906976744186
2017-12-01,3.0,223,115,59,15600.0,101330.92,397.0,473,0.4714587737843552
2017-12-01,4.0,175,104,56,15000.0,81993.31,305.0,473,0.3699788583509514
2017-12-01,5.0,134,86,42,11900.0,59199.18,249.0,473,0.2832980972515856
2017-12-01,6.0,106,71,42,12400.0,43492.34,183.0,473,0.22410147991543342
2017-12-01,7.0,100,65,31,9800.0,35173.25,146.0,473,0.21141649048625794
2017-12-01,8.0,95,49,22,6400.0,20888.9,94.0,473,0.20084566596194503
2017-12-01,9.0,89,49,21,6000.0,24777.36,94.0,473,0.18816067653276955
2017-12-01,10.0,77,43,19,6100.0,26107.56,111.0,473,0.16279069767441862
2017-12-01,11.0,72,47,22,5900.0,28884.829999999998,133.0,473,0.1522198731501057
2017-12-01,12.0,72,47,24,6500.0,26689.14,106.0,473,0.1522198731501057
2017-12-01,13.0,66,40,20,5200.0,35856.49,145.0,473,0.13953488372093023
2017-12-01,14.0,60,40,19,5200.0,23781.629999999997,102.0,473,0.12684989429175475
2017-12-01,15.0,62,34,16,4600.0,26158.29,100.0,473,0.13107822410147993
2017-12-01,16.0,53,30,16,4100.0,19615.87,72.0,473,0.11205073995771671
2017-12-01,17.0,51,32,17,4500.0,19957.73,83.0,473,0.10782241014799154
2017-12-01,18.0,56,32,18,4200.0,18003.59,72.0,473,0.11839323467230443
2017-12-01,19.0,59,26,15,3600.0,13161.1,51.0,473,0.12473572938689217
2017-12-01,20.0,56,29,14,3400.0,16141.9,72.0,473,0.11839323467230443
2017-12-01,21.0,60,28,10,2600.0,21517.489999999998,81.0,473,0.12684989429175475
2017-12-01,22.0,67,26,7,2000.0,14300.3,65.0,473,0.1416490486257928
2017-12-01,23.0,62,31,7,2600.0,25391.36,101.0,473,0.13107822410147993
2017-12-01,24.0,62,23,9,2600.0,23927.91,96.0,473,0.13107822410147993
2017-12-01,25.0,64,32,11,2800.0,35936.99,131.0,473,0.13530655391120508
2017-12-01,26.0,65,28,11,3600.0,16610.53,80.0,473,0.13742071881606766
2017-12-01,27.0,65,27,8,2200.0,24212.940000000002,85.0,473,0.13742071881606766
2017-12-01,28.0,58,28,10,2900.0,23351.91,83.0,473,0.1226215644820296
2017-12-01,29.0,56,28,13,3800.0,16883.37,78.0,473,0.11839323467230443
2017-12-01,30.0,53,27,14,3700.0,21660.26,89.0,473,0.11205073995771671
2017-12-01,31.0,43,20,10,2900.0,19551.010000000002,71.0,473,0.09090909090909091
2017-12-01,32.0,50,27,9,3000.0,20151.31,65.0,473,0.10570824524312897
2017-12-01,33.0,49,21,8,2500.0,18155.96,63.0,473,0.10359408033826638
2017-12-01,34.0,54,19,8,1900.0,15909.82,54.0,473,0.11416490486257928
2017-12-01,35.0,55,23,9,2100.0,18849.78,64.0,473,0.11627906976744186
2017-12-01,36.0,57,27,10,2300.0,22843.93,80.0,473,0.12050739957716702
2017-12-01,37.0,58,28,10,2600.0,19502.53,86.0,473,0.1226215644820296
2017-12-01,38.0,69,22,9,2400.0,13662.039999999999,49.0,473,0.14587737843551796
2017-12-01,39.0,67,32,12,2700.0,28301.92,111.0,473,0.1416490486257928
2017-12-01,40.0,66,27,13,2900.0,17503.93,76.0,473,0.13953488372093023
2017-12-01,41.0,64,28,10,2500.0,20483.12,81.0,473,0.13530655391120508
2017-12-01,42.0,67,31,11,2700.0,17266.81,79.0,473,0.1416490486257928
2017-12-01,43.0,59,35,11,2800.0,22254.91,88.0,473,0.12473572938689217
2017-12-01,44.0,64,30,12,3900.0,28512.829999999998,130.0,473,0.13530655391120508
2017-12-01,45.0,76,38,11,3700.0,31395.6,108.0,473,0.160676532769556
2017-12-01,46.0,67,29,12,4200.0,17482.81,78.0,473,0.1416490486257928
2017-12-01,47.0,75,37,12,3900.0,19545.18,80.0,473,0.15856236786469344
2017-12-01,48.0,63,28,8,2200.0,18385.510000000002,77.0,473,0.1331923890063425
2017-12-01,49.0,57,20,7,2500.0,23688.05,81.0,473,0.12050739957716702
2017-12-01,50.0,61,24,13,4100.0,24268.260000000002,94.0,473,0.12896405919661733
2017-12-01,51.0,64,30,14,4300.0,31490.5,126.0,473,0.13530655391120508
2017-12-01,52.0,58,29,12,3600.0,23143.32,95.0,473,0.1226215644820296
2017-12-01,53.0,61,29,13,3800.0,19049.88,77.0,473,0.12896405919661733
2017-12-01,54.0,71,32,12,3300.0,29448.29,110.0,473,0.15010570824524314
2017-12-01,55.0,60,33,14,4000.0,19260.05,70.0,473,0.12684989429175475
2017-12-01,56.0,58,29,14,4000.0,11027.14,60.0,473,0.1226215644820296
2017-12-01,57.0,54,27,9,3000.0,13684.72,57.0,473,0.11416490486257928
2017-12-01,58.0,59,22,9,3000.0,15879.18,58.0,473,0.12473572938689217
2017-12-01,59.0,55,27,11,3400.0,20935.739999999998,86.0,473,0.11627906976744186
2017-12-01,60.0,59,33,12,3900.0,18382.69,76.0,473,0.12473572938689217
2017-12-01,61.0,48,26,11,3700.0,15002.91,66.0,473,0.1014799154334038
2018-01-01,0.0,211,66,13,3500.0,49717.03,207.0,211,1.0
2018-01-01,1.0,159,69,20,5200.0,62266.67,244.0,211,0.7535545023696683
2018-01-01,2.0,124,58,23,6100.0,57904.18,231.0,211,0.5876777251184834
2018-01-01,3.0,101,58,30,9300.0,53050.98,217.0,211,0.4786729857819905
2018-01-01,4.0,88,50,26,7900.0,47897.22,192.0,211,0.41706161137440756
2018-01-01,5.0,79,45,22,5900.0,44728.21,170.0,211,0.3744075829383886
2018-01-01,6.0,72,35,20,4900.0,30724.32,123.0,211,0.3412322274881517
2018-01-01,7.0,64,35,18,4200.0,24185.19,105.0,211,0.3033175355450237
2018-01-01,8.0,51,26,15,3600.0,19650.22,78.0,211,0.24170616113744076
2018-01-01,9.0,42,24,13,3200.0,15575.74,56.0,211,0.1990521327014218
2018-01-01,10.0,38,20,13,3500.0,17479.87,69.0,211,0.18009478672985782
2018-01-01,11.0,43,24,13,3500.0,17893.76,70.0,211,0.2037914691943128
2018-01-01,12.0,40,27,13,3800.0,20950.16,90.0,211,0.1895734597156398
2018-01-01,13.0,41,20,9,3000.0,13318.15,55.0,211,0.1943127962085308
2018-01-01,14.0,32,17,9,3000.0,11062.54,50.0,211,0.15165876777251186
2018-01-01,15.0,29,13,9,3000.0,5316.219999999999,26.0,211,0.13744075829383887
2018-01-01,16.0,30,12,3,900.0,5400.0,22.0,211,0.14218009478672985
2018-01-01,17.0,23,11,1,200.0,8123.04,27.0,211,0.10900473933649289
2018-01-01,18.0,22,12,3,600.0,17234.68,53.0,211,0.10426540284360189
2018-01-01,19.0,24,11,2,400.0,4321.0,21.0,211,0.11374407582938388
2018-01-01,20.0,22,9,1,200.0,5011.0,17.0,211,0.10426540284360189
2018-01-01,21.0,25,12,2,400.0,9829.24,33.0,211,0.11848341232227488
2018-01-01,22.0,26,12,5,1300.0,9386.09,35.0,211,0.12322274881516587
2018-01-01,23.0,22,15,6,1500.0,11023.46,49.0,211,0.10426540284360189
2018-01-01,24.0,24,12,10,2600.0,16212.94,55.0,211,0.11374407582938388
2018-01-01,25.0,22,16,12,4000.0,4800.84,21.0,211,0.10426540284360189
2018-01-01,26.0,22,16,10,2900.0,11140.05,43.0,211,0.10426540284360189
2018-01-01,27.0,18,16,8,2500.0,13463.85,57.0,211,0.08530805687203792
2018-01-01,28.0,18,14,8,2500.0,12109.470000000001,47.0,211,0.08530805687203792
2018-01-01,29.0,21,8,5,1300.0,9484.8,45.0,211,0.0995260663507109
2018-01-01,30.0,19,12,6,1500.0,4162.34,18.0,211,0.09004739336492891
2018-01-01,31.0,27,10,3,900.0,7059.53,27.0,211,0.12796208530805686
2018-01-01,32.0,26,6,3,900.0,2685.1,11.0,211,0.12322274881516587
2018-01-01,33.0,23,13,4,1100.0,8359.42,31.0,211,0.10900473933649289
2018-01-01,34.0,25,11,6,2100.0,7929.88,30.0,211,0.11848341232227488
2018-01-01,35.0,31,14,3,1200.0,10967.04,37.0,211,0.14691943127962084
2018-01-01,36.0,33,15,2,700.0,11952.95,51.0,211,0.15639810426540285
2018-01-01,37.0,29,11,3,900.0,9541.61,35.0,211,0.13744075829383887
2018-01-01,38.0,27,10,2,400.0,5274.52,18.0,211,0.12796208530805686
2018-01-01,39.0,25,7,1,200.0,2134.24,11.0,211,0.11848341232227488
2018-01-01,40.0,25,8,2,700.0,5568.65,18.0,211,0.11848341232227488
2018-01-01,41.0,25,11,2,700.0,8259.91,27.0,211,0.11848341232227488
2018-01-01,42.0,22,9,2,700.0,6941.860000000001,28.0,211,0.10426540284360189
2018-01-01,43.0,19,10,5,1600.0,7066.0,28.0,211,0.09004739336492891
2018-01-01,44.0,25,13,7,2300.0,14723.71,63.0,211,0.11848341232227488
2018-01-01,45.0,23,10,7,2300.0,3883.0,18.0,211,0.10900473933649289
2018-01-01,46.0,21,12,7,2000.0,7607.1,32.0,211,0.0995260663507109
2018-01-01,47.0,24,15,6,1500.0,11746.42,41.0,211,0.11374407582938388
2018-01-01,48.0,22,9,5,1000.0,4483.63,20.0,211,0.10426540284360189
2018-01-01,49.0,20,11,5,1300.0,9787.15,45.0,211,0.0947867298578199
2018-01-01,50.0,20,12,5,1300.0,4072.0,16.0,211,0.0947867298578199
2018-01-01,51.0,17,5,2,1200.0,4139.3,19.0,211,0.08056872037914692
2018-01-01,52.0,16,8,3,1700.0,7759.7,29.0,211,0.07582938388625593
2018-01-01,53.0,18,9,2,700.0,4263.0,19.0,211,0.08530805687203792
2018-01-01,54.0,19,9,2,700.0,9255.4,40.0,211,0.09004739336492891
2018-01-01,55.0,21,12,2,700.0,10405.19,35.0,211,0.0995260663507109
2018-01-01,56.0,24,10,2,400.0,5414.48,22.0,211,0.11374407582938388
2018-01-01,57.0,27,9,3,600.0,8621.619999999999,35.0,211,0.12796208530805686
2018-01-01,58.0,31,15,3,600.0,10262.3,52.0,211,0.14691943127962084
2018-01-01,59.0,27,7,1,200.0,4880.65,24.0,211,0.12796208530805686
2018-01-01,60.0,31,12,2,400.0,10809.61,39.0,211,0.14691943127962084
2018-02-01,0.0,146,62,9,3000.0,47206.66,194.0,146,1.0
2018-02-01,1.0,117,66,15,5000.0,48053.07,207.0,146,0.8013698630136986
2018-02-01,2.0,88,47,19,6600.0,38185.56,168.0,146,0.6027397260273972
2018-02-01,3.0,65,36,19,6900.0,22858.23,90.0,146,0.4452054794520548
2018-02-01,4.0,53,30,14,5000.0,17168.98,71.0,146,0.363013698630137
2018-02-01,5.0,38,20,12,4300.0,12749.02,54.0,146,0.2602739726027397
2018-02-01,6.0,32,19,11,3600.0,11891.89,52.0,146,0.2191780821917808
2018-02-01,7.0,32,23,10,2600.0,25206.0,92.0,146,0.2191780821917808
2018-02-01,8.0,31,17,11,2800.0,16972.06,73.0,146,0.21232876712328766
2018-02-01,9.0,20,17,13,4500.0,17566.03,74.0,146,0.136986301369863
2018-02-01,10.0,15,13,11,3800.0,9940.98,39.0,146,0.10273972602739725
2018-02-01,11.0,13,12,10,3200.0,7217.04,29.0,146,0.08904109589041095
2018-02-01,12.0,7,9,9,2700.0,4005.13,18.0,146,0.04794520547945205
2018-02-01,13.0,9,11,8,1900.0,6835.75,25.0,146,0.06164383561643835
2018-02-01,14.0,8,10,6,1500.0,1904.0,10.0,146,0.0547945205479452
2018-02-01,15.0,13,9,6,1500.0,1262.0,7.0,146,0.08904109589041095
2018-02-01,16.0,13,11,6,1500.0,4984.51,24.0,146,0.08904109589041095
2018-02-01,17.0,12,9,7,2200.0,6448.539999999999,20.0,146,0.0821917808219178
2018-02-01,18.0,14,11,10,3400.0,15317.26,62.0,146,0.0958904109589041
2018-02-01,19.0,12,9,9,2700.0,7707.2,40.0,146,0.0821917808219178
2018-02-01,20.0,13,12,10,2900.0,14648.720000000001,67.0,146,0.08904109589041095
2018-02-01,21.0,14,10,8,2500.0,9153.259999999998,32.0,146,0.0958904109589041
2018-02-01,22.0,9,4,3,600.0,3931.17,16.0,146,0.06164383561643835
2018-02-01,23.0,15,9,2,900.0,5797.45,26.0,146,0.10273972602739725
2018-02-01,24.0,14,7,2,700.0,1922.0,9.0,146,0.0958904109589041
2018-02-01,25.0,18,10,2,700.0,8538.5,35.0,146,0.1232876712328767
2018-02-01,26.0,18,3,2,700.0,2214.1,14.0,146,0.1232876712328767
2018-02-01,27.0,22,8,5,1600.0,5051.79,23.0,146,0.1506849315068493
2018-02-01,28.0,21,9,6,1800.0,9071.47,34.0,146,0.14383561643835616
2018-02-01,29.0,21,9,4,1100.0,4971.84,26.0,146,0.14383561643835616
2018-02-01,30.0,17,10,2,400.0,12085.96,44.0,146,0.11643835616438356
2018-02-01,31.0,19,11,2,400.0,11388.97,35.0,146,0.13013698630136986
2018-02-01,32.0,17,5,1,200.0,3179.0,11.0,146,0.11643835616438356
2018-02-01,33.0,17,11,2,700.0,10623.98,37.0,146,0.11643835616438356
2018-02-01,34.0,17,7,2,700.0,6379.8099999999995,24.0,146,0.11643835616438356
2018-02-01,35.0,17,10,2,700.0,10750.05,37.0,146,0.11643835616438356
2018-02-01,36.0,16,6,3,900.0,4633.64,17.0,146,0.1095890410958904
2018-02-01,37.0,13,8,3,900.0,10196.55,31.0,146,0.08904109589041095
2018-02-01,38.0,14,5,4,1400.0,4513.1,23.0,146,0.0958904109589041
2018-02-01,39.0,17,9,5,1900.0,7808.700000000001,29.0,146,0.11643835616438356
2018-02-01,40.0,19,11,5,2200.0,12845.25,54.0,146,0.13013698630136986
2018-02-01,41.0,20,8,6,2700.0,9240.63,33.0,146,0.136986301369863
2018-02-01,42.0,19,10,6,2700.0,4921.55,21.0,146,0.13013698630136986
2018-02-01,43.0,16,10,7,2900.0,6154.4,26.0,146,0.1095890410958904
2018-02-01,44.0,14,8,5,2200.0,4449.360000000001,18.0,146,0.0958904109589041
2018-02-01,45.0,14,12,6,2100.0,10059.58,37.0,146,0.0958904109589041
2018-02-01,46.0,18,8,4,1100.0,6800.2,32.0,146,0.1232876712328767
2018-02-01,47.0,17,8,4,1100.0,5047.55,18.0,146,0.11643835616438356
2018-02-01,48.0,16,4,3,600.0,714.0,4.0,146,0.1095890410958904
2018-02-01,49.0,15,7,2,400.0,3075.0,12.0,146,0.10273972602739725
2018-02-01,50.0,17,7,1,200.0,4106.0,16.0,146,0.11643835616438356
2018-02-01,51.0,17,7,2,400.0,5662.6,28.0,146,0.11643835616438356
2018-02-01,52.0,12,7,3,600.0,5812.530000000001,24.0,146,0.0821917808219178
2018-02-01,53.0,12,8,3,600.0,2783.0,16.0,146,0.0821917808219178
2018-02-01,54.0,13,6,3,600.0,2866.0,11.0,146,0.08904109589041095
2018-02-01,55.0,16,7,3,900.0,4356.9,18.0,146,0.1095890410958904
2018-02-01,56.0,15,8,4,1100.0,5191.71,18.0,146,0.10273972602739725
2018-02-01,57.0,16,12,6,1500.0,8933.02,38.0,146,0.1095890410958904
2018-02-01,58.0,16,9,5,1300.0,7762.0,25.0,146,0.1095890410958904
2018-02-01,59.0,20,7,2,700.0,6269.2,27.0,146,0.136986301369863
2018-03-01,0.0,1668,586,72,20600.0,462277.87,1811.0,1668,1.0
2018-03-01,1.0,1297,537,140,41300.0,429170.25,1658.0,1668,0.7775779376498801
2018-03-01,2.0,966,464,173,53300.0,374348.88,1507.0,1668,0.579136690647482
2018-03-01,3.0,736,385,200,62200.0,311103.34,1228.0,1668,0.4412470023980815
2018-03-01,4.0,595,336,180,56100.0,238478.32,1003.0,1668,0.3567146282973621
2018-03-01,5.0,490,286,163,49900.0,187323.26,760.0,1668,0.29376498800959233
2018-03-01,6.0,406,253,146,44600.0,179230.94,739.0,1668,0.2434052757793765
2018-03-01,7.0,336,196,118,36200.0,110246.24,468.0,1668,0.2014388489208633
2018-03-01,8.0,307,174,100,30100.0,119213.09,491.0,1668,0.18405275779376498
2018-03-01,9.0,287,171,94,27100.0,121440.6,445.0,1668,0.1720623501199041
2018-03-01,10.0,262,141,88,24500.0,99874.06999999999,404.0,1668,0.15707434052757793
2018-03-01,11.0,245,152,86,24400.0,112756.04,448.0,1668,0.14688249400479617
2018-03-01,12.0,220,153,82,24700.0,94556.26,364.0,1668,0.13189448441247004
2018-03-01,13.0,208,126,65,20100.0,69921.41,284.0,1668,0.12470023980815348
2018-03-01,14.0,208,115,56,16900.0,77464.3,328.0,1668,0.12470023980815348
2018-03-01,15.0,207,106,48,14100.0,70378.4,294.0,1668,0.12410071942446044
2018-03-01,16.0,208,107,51,15600.0,83584.92,311.0,1668,0.12470023980815348
2018-03-01,17.0,202,120,56,17100.0,83856.26,331.0,1668,0.1211031175059952
2018-03-01,18.0,209,108,54,15600.0,76200.35,316.0,1668,0.12529976019184652
2018-03-01,19.0,201,113,48,14900.0,79406.19,306.0,1668,0.12050359712230216
2018-03-01,20.0,188,103,49,15200.0,82057.55,341.0,1668,0.11270983213429256
2018-03-01,21.0,210,109,48,16100.0,71461.34,261.0,1668,0.12589928057553956
2018-03-01,22.0,208,109,46,14500.0,84448.71,340.0,1668,0.12470023980815348
2018-03-01,23.0,201,113,46,14500.0,80906.13,300.0,1668,0.12050359712230216
2018-03-01,24.0,203,105,48,15000.0,76211.92,301.0,1668,0.12170263788968826
2018-03-01,25.0,197,106,47,14800.0,86552.02,333.0,1668,0.11810551558752998
2018-03-01,26.0,200,93,44,13300.0,77698.94,300.0,1668,0.11990407673860912
2018-03-01,27.0,192,102,48,15000.0,57970.62,240.0,1668,0.11510791366906475
2018-03-01,28.0,187,96,49,14600.0,69609.52,269.0,1668,0.11211031175059952
2018-03-01,29.0,172,102,48,14100.0,65635.02,259.0,1668,0.10311750599520383
2018-03-01,30.0,180,103,47,15000.0,75391.54,300.0,1668,0.1079136690647482
2018-03-01,31.0,193,95,44,13200.0,66541.01,275.0,1668,0.1157074340527578
2018-03-01,32.0,179,86,42,12300.0,76727.92,306.0,1668,0.10731414868105515
2018-03-01,33.0,189,88,39,12200.0,66549.69,274.0,1668,0.11330935251798561
2018-03-01,34.0,206,95,38,11400.0,67664.76,254.0,1668,0.12350119904076738
2018-03-01,35.0,210,93,35,10900.0,76183.32,317.0,1668,0.12589928057553956
2018-03-01,36.0,211,95,38,12000.0,73138.85,293.0,1668,0.1264988009592326
2018-03-01,37.0,204,98,35,11100.0,55813.16,228.0,1668,0.1223021582733813
2018-03-01,38.0,192,91,32,10400.0,77060.97,283.0,1668,0.11510791366906475
2018-03-01,39.0,195,88,34,11000.0,60564.4,235.0,1668,0.11690647482014388
2018-03-01,40.0,186,88,35,11300.0,64290.61,252.0,1668,0.11151079136690648
2018-03-01,41.0,189,99,47,15200.0,74152.93,308.0,1668,0.11330935251798561
2018-03-01,42.0,199,95,46,14600.0,59178.24,225.0,1668,0.11930455635491606
2018-03-01,43.0,186,93,41,12100.0,78424.5,313.0,1668,0.11151079136690648
2018-03-01,44.0,186,84,41,12400.0,57661.01,231.0,1668,0.11151079136690648
2018-03-01,45.0,190,78,36,10800.0,56963.26,228.0,1668,0.11390887290167866
2018-03-01,46.0,202,101,43,12700.0,82907.56,349.0,1668,0.1211031175059952
2018-03-01,47.0,195,82,42,12900.0,69712.01,293.0,1668,0.11690647482014388
2018-03-01,48.0,203,97,45,13600.0,69129.01,288.0,1668,0.12170263788968826
2018-03-01,49.0,189,92,46,13300.0,65439.22,273.0,1668,0.11330935251798561
2018-03-01,50.0,187,101,48,14100.0,69172.03,281.0,1668,0.11211031175059952
2018-03-01,51.0,186,98,55,16700.0,73032.34,281.0,1668,0.11151079136690648
2018-03-01,52.0,200,109,50,15600.0,83010.58,333.0,1668,0.11990407673860912
2018-03-01,53.0,184,100,51,14700.0,66986.38,273.0,1668,0.11031175059952038
2018-03-01,54.0,210,107,49,14200.0,78144.15,287.0,1668,0.12589928057553956
2018-03-01,55.0,209,114,51,14700.0,77968.13,322.0,1668,0.12529976019184652
2018-03-01,56.0,195,97,45,14000.0,68494.75,288.0,1668,0.11690647482014388
2018-03-01,57.0,184,94,40,11900.0,62098.7,224.0,1668,0.11031175059952038
2018-03-01,58.0,190,98,34,10200.0,68984.6,257.0,1668,0.11390887290167866
2018-04-01,0.0,230,90,14,3400.0,90599.04,328.0,230,1.0
2018-04-01,1.0,179,63,20,5400.0,44286.41,191.0,230,0.7782608695652173
2018-04-01,2.0,133,63,22,5900.0,46655.91,204.0,230,0.5782608695652174
2018-04-01,3.0,109,57,21,5700.0,39080.66,163.0,230,0.47391304347826085
2018-04-01,4.0,90,48,20,5400.0,40080.81,164.0,230,0.391304347826087
2018-04-01,5.0,67,35,22,5300.0,19805.52,72.0,230,0.29130434782608694
2018-04-01,6.0,52,33,17,3700.0,22591.63,95.0,230,0.22608695652173913
2018-04-01,7.0,48,34,19,4100.0,33176.17,129.0,230,0.20869565217391303
2018-04-01,8.0,39,31,19,4300.0,32608.65,130.0,230,0.16956521739130434
2018-04-01,9.0,37,29,21,4800.0,21946.260000000002,95.0,230,0.1608695652173913
2018-04-01,10.0,36,22,19,4700.0,18736.239999999998,70.0,230,0.1565217391304348
2018-04-01,11.0,34,32,19,4700.0,25333.62,106.0,230,0.14782608695652175
2018-04-01,12.0,37,23,16,3800.0,18068.02,81.0,230,0.1608695652173913
2018-04-01,13.0,42,20,13,3500.0,12934.21,51.0,230,0.1826086956521739
2018-04-01,14.0,33,21,9,2700.0,10102.9,45.0,230,0.14347826086956522
2018-04-01,15.0,32,22,10,3500.0,16978.95,68.0,230,0.1391304347826087
2018-04-01,16.0,27,19,11,3700.0,7590.73,33.0,230,0.11739130434782609
2018-04-01,17.0,23,14,8,2500.0,8688.119999999999,24.0,230,0.1
2018-04-01,18.0,21,10,6,2100.0,2239.0,5.0,230,0.09130434782608696
2018-04-01,19.0,23,8,5,1900.0,1463.0,5.0,230,0.1
2018-04-01,20.0,21,9,5,2200.0,4636.8,14.0,230,0.09130434782608696
2018-04-01,21.0,20,10,4,1700.0,2365.0,10.0,230,0.08695652173913043
2018-04-01,22.0,24,6,2,1000.0,5639.7,27.0,230,0.10434782608695652
2018-04-01,23.0,25,9,3,1500.0,4200.9,19.0,230,0.10869565217391304
2018-04-01,24.0,28,12,5,1600.0,12042.0,44.0,230,0.12173913043478261
2018-04-01,25.0,33,13,6,1800.0,9903.14,44.0,230,0.14347826086956522
2018-04-01,26.0,30,9,5,1800.0,16120.41,46.0,230,0.13043478260869565
2018-04-01,27.0,33,14,5,1300.0,11951.66,48.0,230,0.14347826086956522
2018-04-01,28.0,30,16,6,1800.0,14925.53,63.0,230,0.13043478260869565
2018-04-01,29.0,27,12,7,2800.0,13938.14,58.0,230,0.11739130434782609
2018-04-01,30.0,26,13,10,3700.0,11693.66,55.0,230,0.11304347826086956
2018-04-01,31.0,23,16,11,3700.0,19296.83,83.0,230,0.1
2018-04-01,32.0,25,17,11,4200.0,14139.18,62.0,230,0.10869565217391304
2018-04-01,33.0,23,15,9,3200.0,6727.71,29.0,230,0.1
2018-04-01,34.0,19,10,8,2200.0,3275.32,12.0,230,0.08260869565217391
2018-04-01,35.0,19,6,3,900.0,5704.23,18.0,230,0.08260869565217391
2018-04-01,36.0,21,9,2,700.0,2386.0,12.0,230,0.09130434782608696
2018-04-01,37.0,18,5,1,500.0,1764.0,8.0,230,0.0782608695652174
2018-04-01,38.0,21,10,3,900.0,9033.27,32.0,230,0.09130434782608696
2018-04-01,39.0,24,12,2,400.0,6229.0,27.0,230,0.10434782608695652
2018-04-01,40.0,23,11,1,200.0,6964.139999999999,33.0,230,0.1
2018-04-01,41.0,23,4,1,200.0,2039.0,8.0,230,0.1
2018-04-01,42.0,26,9,0,0.0,8678.0,26.0,230,0.11304347826086956
2018-04-01,43.0,25,7,1,200.0,6082.16,26.0,230,0.10869565217391304
2018-04-01,44.0,22,8,2,900.0,6897.3,29.0,230,0.09565217391304348
2018-04-01,45.0,22,10,2,900.0,7165.1,32.0,230,0.09565217391304348
2018-04-01,46.0,27,7,3,1400.0,6715.2,35.0,230,0.11739130434782609
2018-04-01,47.0,29,10,3,1400.0,8910.78,40.0,230,0.12608695652173912
2018-04-01,48.0,28,15,6,2600.0,18005.57,69.0,230,0.12173913043478261
2018-04-01,49.0,26,13,7,2800.0,15214.93,71.0,230,0.11304347826086956
2018-04-01,50.0,30,11,7,2800.0,7659.11,36.0,230,0.13043478260869565
2018-04-01,51.0,26,14,7,2300.0,7116.2,29.0,230,0.11304347826086956
2018-04-01,52.0,29,11,6,2100.0,9803.2,38.0,230,0.12608695652173912
2018-04-01,53.0,30,15,8,2200.0,15673.98,60.0,230,0.13043478260869565
2018-04-01,54.0,28,16,8,2500.0,13151.16,53.0,230,0.12173913043478261
2018-04-01,55.0,27,13,7,2300.0,15407.93,47.0,230,0.11739130434782609
2018-04-01,56.0,22,11,9,3000.0,11929.0,43.0,230,0.09565217391304348
2018-04-01,57.0,23,13,9,2700.0,10195.779999999999,40.0,230,0.1
2018-05-01,0.0,117,46,6,1500.0,38902.4,155.0,117,1.0
2018-05-01,1.0,85,34,7,1700.0,32292.6,130.0,117,0.7264957264957265
2018-05-01,2.0,62,30,7,1700.0,24291.08,86.0,117,0.5299145299145299
2018-05-01,3.0,52,27,13,2900.0,27732.92,95.0,117,0.4444444444444444
2018-05-01,4.0,39,22,10,2000.0,13742.83,52.0,117,0.3333333333333333
2018-05-01,5.0,37,18,7,1400.0,20980.06,72.0,117,0.3162393162393162
2018-05-01,6.0,27,13,8,2100.0,8397.28,45.0,117,0.23076923076923078
2018-05-01,7.0,20,7,4,1100.0,6480.67,28.0,117,0.17094017094017094
2018-05-01,8.0,17,8,3,900.0,6456.7,20.0,117,0.1452991452991453
2018-05-01,9.0,17,5,3,900.0,8364.630000000001,22.0,117,0.1452991452991453
2018-05-01,10.0,15,8,4,1100.0,3300.3,13.0,117,0.1282051282051282
2018-05-01,11.0,18,8,4,1100.0,4533.41,22.0,117,0.15384615384615385
2018-05-01,12.0,14,9,4,1100.0,3391.0,15.0,117,0.11965811965811966
2018-05-01,13.0,11,4,1,200.0,3606.0,9.0,117,0.09401709401709402
2018-05-01,14.0,14,4,1,200.0,1181.0,5.0,117,0.11965811965811966
2018-05-01,15.0,15,9,1,200.0,3944.0,14.0,117,0.1282051282051282
2018-05-01,16.0,17,4,2,700.0,2906.9,7.0,117,0.1452991452991453
2018-05-01,17.0,17,8,2,700.0,7307.0599999999995,29.0,117,0.1452991452991453
2018-05-01,18.0,14,5,4,1100.0,4392.7,21.0,117,0.11965811965811966
2018-05-01,19.0,14,10,4,1100.0,7495.88,34.0,117,0.11965811965811966
2018-05-01,20.0,14,7,4,800.0,7507.8099999999995,37.0,117,0.11965811965811966
2018-05-01,21.0,18,12,6,1500.0,12886.83,49.0,117,0.15384615384615385
2018-05-01,22.0,17,7,3,900.0,3512.91,15.0,117,0.1452991452991453
2018-05-01,23.0,17,11,3,900.0,11432.63,40.0,117,0.1452991452991453
2018-05-01,24.0,12,7,3,900.0,2844.64,15.0,117,0.10256410256410256
2018-05-01,25.0,13,11,5,1300.0,9482.57,39.0,117,0.1111111111111111
2018-05-01,26.0,13,7,5,1600.0,10921.369999999999,44.0,117,0.1111111111111111
2018-05-01,27.0,13,9,6,1800.0,8046.63,31.0,117,0.1111111111111111
2018-05-01,28.0,13,7,5,1300.0,6322.41,20.0,117,0.1111111111111111
2018-05-01,29.0,12,7,3,900.0,7421.91,23.0,117,0.10256410256410256
2018-05-01,30.0,13,6,3,600.0,4871.04,21.0,117,0.1111111111111111
2018-05-01,31.0,12,8,4,800.0,6026.85,22.0,117,0.10256410256410256
2018-05-01,32.0,10,6,3,600.0,3756.16,14.0,117,0.08547008547008547
2018-05-01,33.0,14,6,3,600.0,4010.79,20.0,117,0.11965811965811966
2018-05-01,34.0,14,8,3,900.0,4046.7,17.0,117,0.11965811965811966
2018-05-01,35.0,10,6,4,1100.0,5976.84,26.0,117,0.08547008547008547
2018-05-01,36.0,13,9,5,1300.0,13064.14,44.0,117,0.1111111111111111
2018-05-01,37.0,12,9,7,2000.0,12576.44,54.0,117,0.10256410256410256
2018-05-01,38.0,17,9,7,2000.0,3936.9,14.0,117,0.1452991452991453
2018-05-01,39.0,17,13,6,1500.0,9202.15,33.0,117,0.1452991452991453
2018-05-01,40.0,16,10,5,1300.0,6647.55,25.0,117,0.13675213675213677
2018-05-01,41.0,18,12,6,1800.0,5299.85,21.0,117,0.15384615384615385
2018-05-01,42.0,17,8,6,1800.0,4973.9,20.0,117,0.1452991452991453
2018-05-01,43.0,17,10,5,1300.0,5777.94,23.0,117,0.1452991452991453
2018-05-01,44.0,15,10,5,1300.0,2935.6,13.0,117,0.1282051282051282
2018-05-01,45.0,17,10,6,1500.0,9315.0,41.0,117,0.1452991452991453
2018-05-01,46.0,13,10,5,1300.0,6023.83,27.0,117,0.1111111111111111
2018-05-01,47.0,15,9,4,1100.0,4412.9,18.0,117,0.1282051282051282
2018-05-01,48.0,14,9,3,900.0,3803.0,19.0,117,0.11965811965811966
2018-05-01,49.0,11,1,1,200.0,0.0,0.0,117,0.09401709401709402
2018-05-01,50.0,13,0,0,0.0,0.0,0.0,117,0.1111111111111111
2018-05-01,51.0,12,7,0,0.0,4053.0,15.0,117,0.10256410256410256
2018-05-01,52.0,16,2,1,500.0,2959.7,9.0,117,0.13675213675213677
2018-05-01,53.0,23,12,3,1200.0,10848.5,40.0,117,0.19658119658119658
2018-05-01,54.0,22,9,3,1200.0,6149.86,28.0,117,0.18803418803418803
2018-05-01,55.0,20,11,4,1100.0,7543.84,38.0,117,0.17094017094017094
2018-05-01,56.0,15,9,6,2000.0,3887.14,16.0,117,0.1282051282051282
2018-06-01,0.0,295,110,13,4300.0,91438.84,342.0,295,1.0
2018-06-01,1.0,232,106,28,8500.0,89837.96,366.0,295,0.7864406779661017
2018-06-01,2.0,183,86,40,12900.0,95112.98,345.0,295,0.6203389830508474
2018-06-01,3.0,141,81,37,12200.0,75344.63,306.0,295,0.47796610169491527
2018-06-01,4.0,110,68,33,10000.0,51630.12,211.0,295,0.3728813559322034
2018-06-01,5.0,103,50,30,9100.0,26277.5,108.0,295,0.34915254237288135
2018-06-01,6.0,83,43,24,7300.0,30043.98,121.0,295,0.28135593220338984
2018-06-01,7.0,70,39,22,6100.0,22511.93,94.0,295,0.23728813559322035
2018-06-01,8.0,62,37,21,6300.0,35348.58,120.0,295,0.21016949152542372
2018-06-01,9.0,58,40,22,6200.0,39805.71,152.0,295,0.19661016949152543
2018-06-01,10.0,58,37,23,6700.0,28672.89,124.0,295,0.19661016949152543
2018-06-01,11.0,53,39,23,6700.0,27715.989999999998,114.0,295,0.17966101694915254
2018-06-01,12.0,42,32,21,6500.0,16682.55,71.0,295,0.1423728813559322
2018-06-01,13.0,36,31,17,5700.0,13925.78,53.0,295,0.12203389830508475
2018-06-01,14.0,29,21,12,4200.0,8990.82,42.0,295,0.09830508474576272
2018-06-01,15.0,27,18,10,3500.0,14244.45,55.0,295,0.09152542372881356
2018-06-01,16.0,27,13,8,2500.0,8907.17,38.0,295,0.09152542372881356
2018-06-01,17.0,28,17,10,3200.0,12120.06,58.0,295,0.09491525423728814
2018-06-01,18.0,37,21,9,2900.0,11612.72,43.0,295,0.12542372881355932
2018-06-01,19.0,34,16,9,3000.0,9689.28,41.0,295,0.1152542372881356
2018-06-01,20.0,34,13,6,2400.0,7938.360000000001,34.0,295,0.1152542372881356
2018-06-01,21.0,37,12,6,2100.0,8977.28,40.0,295,0.12542372881355932
2018-06-01,22.0,42,20,8,2800.0,19979.87,82.0,295,0.1423728813559322
2018-06-01,23.0,45,16,9,3000.0,10516.56,47.0,295,0.15254237288135594
2018-06-01,24.0,38,23,8,2500.0,16948.83,52.0,295,0.1288135593220339
2018-06-01,25.0,42,21,8,2500.0,13116.22,53.0,295,0.1423728813559322
2018-06-01,26.0,33,18,9,2700.0,10511.35,39.0,295,0.11186440677966102
2018-06-01,27.0,36,26,11,3100.0,23267.83,85.0,295,0.12203389830508475
2018-06-01,28.0,30,17,9,2700.0,9747.869999999999,34.0,295,0.1016949152542373
2018-06-01,29.0,31,11,7,2000.0,9967.630000000001,24.0,295,0.10508474576271186
2018-06-01,30.0,35,21,11,3300.0,11903.06,51.0,295,0.11864406779661017
2018-06-01,31.0,31,20,9,2900.0,16401.23,62.0,295,0.10508474576271186
2018-06-01,32.0,37,19,6,2100.0,13296.05,62.0,295,0.12542372881355932
2018-06-01,33.0,31,18,8,2800.0,11289.02,51.0,295,0.10508474576271186
2018-06-01,34.0,28,14,8,3100.0,8108.5,29.0,295,0.09491525423728814
2018-06-01,35.0,23,13,11,3700.0,7849.9,38.0,295,0.07796610169491526
2018-06-01,36.0,26,16,10,3200.0,9653.99,37.0,295,0.08813559322033898
2018-06-01,37.0,28,20,9,2400.0,14357.43,54.0,295,0.09491525423728814
2018-06-01,38.0,23,10,7,1700.0,3151.44,10.0,295,0.07796610169491526
2018-06-01,39.0,21,12,5,1000.0,5239.0,19.0,295,0.0711864406779661
2018-06-01,40.0,32,17,9,2100.0,10444.64,36.0,295,0.10847457627118644
2018-06-01,41.0,35,20,12,3300.0,15886.79,68.0,295,0.11864406779661017
2018-06-01,42.0,28,15,9,2400.0,11413.96,43.0,295,0.09491525423728814
2018-06-01,43.0,23,12,8,1900.0,8961.279999999999,29.0,295,0.07796610169491526
2018-06-01,44.0,29,21,6,1500.0,16471.89,58.0,295,0.09830508474576272
2018-06-01,45.0,35,12,5,1300.0,5930.04,22.0,295,0.11864406779661017
2018-06-01,46.0,30,14,4,1100.0,7120.04,35.0,295,0.1016949152542373
2018-06-01,47.0,34,15,8,2500.0,16393.08,62.0,295,0.1152542372881356
2018-06-01,48.0,28,16,8,2500.0,7848.24,39.0,295,0.09491525423728814
2018-06-01,49.0,30,17,6,1800.0,10460.59,39.0,295,0.1016949152542373
2018-06-01,50.0,25,12,6,1800.0,8109.08,28.0,295,0.0847457627118644
2018-06-01,51.0,27,14,7,1700.0,7127.3099999999995,28.0,295,0.09152542372881356
2018-06-01,52.0,24,12,6,1500.0,3353.46,16.0,295,0.08135593220338982
2018-06-01,53.0,27,15,7,1700.0,9331.75,33.0,295,0.09152542372881356
2018-06-01,54.0,25,12,5,1000.0,9597.68,32.0,295,0.0847457627118644
2018-06-01,55.0,30,15,7,1700.0,9401.72,48.0,295,0.1016949152542373
2018-07-01,0.0,346,125,18,5700.0,101208.81999999999,420.0,346,1.0
2018-07-01,1.0,259,109,27,7800.0,77473.67,323.0,346,0.7485549132947977
2018-07-01,2.0,210,95,33,9600.0,91521.13,375.0,346,0.6069364161849711
2018-07-01,3.0,166,81,38,11600.0,63667.15,250.0,346,0.4797687861271676
2018-07-01,4.0,127,63,32,9800.0,49562.04,210.0,346,0.3670520231213873
2018-07-01,5.0,110,60,33,10100.0,53149.5,216.0,346,0.3179190751445087
2018-07-01,6.0,92,64,29,9500.0,36171.14,159.0,346,0.2658959537572254
2018-07-01,7.0,80,41,26,8400.0,24682.47,113.0,346,0.23121387283236994
2018-07-01,8.0,67,37,24,8000.0,28241.81,107.0,346,0.1936416184971098
2018-07-01,9.0,57,38,24,8600.0,32650.26,140.0,346,0.16473988439306358
2018-07-01,10.0,62,35,23,9000.0,18963.85,73.0,346,0.1791907514450867
2018-07-01,11.0,57,31,19,7400.0,20438.83,80.0,346,0.16473988439306358
2018-07-01,12.0,47,28,21,7800.0,12358.21,61.0,346,0.13583815028901733
2018-07-01,13.0,40,27,17,6100.0,19273.329999999998,78.0,346,0.11560693641618497
2018-07-01,14.0,44,32,17,6000.0,25288.97,104.0,346,0.12716763005780346
2018-07-01,15.0,55,36,17,6000.0,22717.56,90.0,346,0.15895953757225434
2018-07-01,16.0,57,29,11,4500.0,12279.2,48.0,346,0.16473988439306358
2018-07-01,17.0,43,22,8,3300.0,12506.6,48.0,346,0.12427745664739884
2018-07-01,18.0,44,19,7,2300.0,7252.26,30.0,346,0.12716763005780346
2018-07-01,19.0,39,21,7,2500.0,16533.79,66.0,346,0.11271676300578035
2018-07-01,20.0,34,17,7,2200.0,7964.51,38.0,346,0.09826589595375723
2018-07-01,21.0,31,18,9,2900.0,9314.01,41.0,346,0.08959537572254335
2018-07-01,22.0,36,22,10,3100.0,16342.74,63.0,346,0.10404624277456648
2018-07-01,23.0,38,17,10,3100.0,6866.0,27.0,346,0.10982658959537572
2018-07-01,24.0,43,18,8,2700.0,8815.99,33.0,346,0.12427745664739884
2018-07-01,25.0,46,19,5,1600.0,7939.8,36.0,346,0.1329479768786127
2018-07-01,26.0,35,14,5,1300.0,7238.16,34.0,346,0.10115606936416185
2018-07-01,27.0,35,16,4,1400.0,9060.2,40.0,346,0.10115606936416185
2018-07-01,28.0,38,17,4,1400.0,16052.26,58.0,346,0.10982658959537572
2018-07-01,29.0,40,19,4,1400.0,11628.82,53.0,346,0.11560693641618497
2018-07-01,30.0,36,13,5,1900.0,5496.7,20.0,346,0.10404624277456648
2018-07-01,31.0,33,18,5,2100.0,11624.21,38.0,346,0.0953757225433526
2018-07-01,32.0,34,16,6,1800.0,13277.29,48.0,346,0.09826589595375723
2018-07-01,33.0,32,19,8,2200.0,16693.91,65.0,346,0.09248554913294797
2018-07-01,34.0,36,19,7,1700.0,16968.760000000002,62.0,346,0.10404624277456648
2018-07-01,35.0,42,21,5,1300.0,11166.42,47.0,346,0.12138728323699421
2018-07-01,36.0,46,22,5,1000.0,18619.64,73.0,346,0.1329479768786127
2018-07-01,37.0,49,24,8,1600.0,21052.69,79.0,346,0.1416184971098266
2018-07-01,38.0,42,15,7,1400.0,9946.45,44.0,346,0.12138728323699421
2018-07-01,39.0,39,19,7,1700.0,17896.88,74.0,346,0.11271676300578035
2018-07-01,40.0,34,22,10,2600.0,20028.22,81.0,346,0.09826589595375723
2018-07-01,41.0,34,21,9,2100.0,29247.010000000002,104.0,346,0.09826589595375723
2018-07-01,42.0,34,27,11,2800.0,28617.48,102.0,346,0.09826589595375723
2018-07-01,43.0,37,19,12,3000.0,17855.68,73.0,346,0.1069364161849711
2018-07-01,44.0,36,22,12,3000.0,20359.27,78.0,346,0.10404624277456648
2018-07-01,45.0,40,23,14,3400.0,17621.6,63.0,346,0.11560693641618497
2018-07-01,46.0,45,19,9,1800.0,14928.17,66.0,346,0.13005780346820808
2018-07-01,47.0,44,20,9,2100.0,13125.0,49.0,346,0.12716763005780346
2018-07-01,48.0,47,25,11,3100.0,18066.11,65.0,346,0.13583815028901733
2018-07-01,49.0,42,20,9,2700.0,24792.53,74.0,346,0.12138728323699421
2018-07-01,50.0,30,15,6,1800.0,11677.31,40.0,346,0.08670520231213873
2018-07-01,51.0,38,16,9,2400.0,10845.279999999999,44.0,346,0.10982658959537572
2018-07-01,52.0,41,19,8,1900.0,16625.05,70.0,346,0.11849710982658959
2018-07-01,53.0,44,19,9,2900.0,15194.91,57.0,346,0.12716763005780346
2018-07-01,54.0,41,24,11,3300.0,19560.81,79.0,346,0.11849710982658959
2018-08-01,0.0,311,117,17,4900.0,92422.04,362.0,311,1.0
2018-08-01,1.0,233,95,29,9000.0,92316.61,347.0,311,0.7491961414790996
2018-08-01,2.0,175,77,30,9000.0,67475.12,268.0,311,0.5627009646302251
2018-08-01,3.0,141,67,28,8600.0,42140.16,178.0,311,0.4533762057877814
2018-08-01,4.0,107,56,29,9400.0,54968.81,206.0,311,0.3440514469453376
2018-08-01,5.0,90,51,28,8300.0,48669.49,182.0,311,0.28938906752411575
2018-08-01,6.0,88,50,23,7000.0,45499.48,179.0,311,0.2829581993569132
2018-08-01,7.0,82,53,27,8100.0,47522.01,187.0,311,0.26366559485530544
2018-08-01,8.0,76,41,20,6100.0,34490.1,139.0,311,0.24437299035369775
2018-08-01,9.0,64,39,20,5800.0,25956.739999999998,115.0,311,0.2057877813504823
2018-08-01,10.0,56,36,19,5300.0,31674.100000000002,118.0,311,0.18006430868167203
2018-08-01,11.0,52,29,15,3900.0,22106.54,84.0,311,0.16720257234726688
2018-08-01,12.0,56,33,15,3600.0,19410.87,70.0,311,0.18006430868167203
2018-08-01,13.0,50,32,12,3000.0,16199.02,68.0,311,0.1607717041800643
2018-08-01,14.0,48,28,12,2700.0,28615.88,96.0,311,0.15434083601286175
2018-08-01,15.0,42,28,13,2900.0,17571.92,66.0,311,0.13504823151125403
2018-08-01,16.0,39,22,11,2200.0,15419.64,60.0,311,0.12540192926045016
2018-08-01,17.0,38,20,11,2200.0,17176.6,72.0,311,0.12218649517684887
2018-08-01,18.0,37,20,11,3100.0,9305.93,49.0,311,0.1189710610932476
2018-08-01,19.0,31,16,8,2500.0,9234.1,41.0,311,0.09967845659163987
2018-08-01,20.0,33,12,6,2100.0,14148.769999999999,50.0,311,0.10610932475884244
2018-08-01,21.0,37,18,5,1900.0,14183.35,50.0,311,0.1189710610932476
2018-08-01,22.0,36,11,5,1300.0,15045.300000000001,55.0,311,0.1157556270096463
2018-08-01,23.0,36,17,5,1300.0,12690.25,50.0,311,0.1157556270096463
2018-08-01,24.0,38,13,6,1500.0,10929.54,50.0,311,0.12218649517684887
2018-08-01,25.0,32,13,5,1300.0,6886.05,31.0,311,0.10289389067524116
2018-08-01,26.0,35,19,5,1300.0,9761.82,43.0,311,0.11254019292604502
2018-08-01,27.0,39,13,7,1700.0,14964.26,54.0,311,0.12540192926045016
2018-08-01,28.0,35,13,7,1700.0,14467.47,62.0,311,0.11254019292604502
2018-08-01,29.0,35,19,8,1900.0,12158.73,47.0,311,0.11254019292604502
2018-08-01,30.0,37,22,8,1900.0,9288.3,42.0,311,0.1189710610932476
2018-08-01,31.0,44,16,4,1100.0,15609.95,58.0,311,0.1414790996784566
2018-08-01,32.0,35,14,7,2000.0,10005.07,45.0,311,0.11254019292604502
2018-08-01,33.0,39,19,7,2300.0,16391.19,54.0,311,0.12540192926045016
2018-08-01,34.0,38,22,7,2600.0,16323.01,64.0,311,0.12218649517684887
2018-08-01,35.0,40,18,8,2800.0,13222.5,51.0,311,0.12861736334405144
2018-08-01,36.0,40,16,7,2600.0,21683.66,88.0,311,0.12861736334405144
2018-08-01,37.0,36,16,7,2600.0,10286.21,42.0,311,0.1157556270096463
2018-08-01,38.0,45,20,6,2400.0,14657.02,56.0,311,0.14469453376205788
2018-08-01,39.0,43,18,8,2800.0,12288.22,57.0,311,0.1382636655948553
2018-08-01,40.0,46,18,6,1500.0,17002.39,56.0,311,0.14790996784565916
2018-08-01,41.0,42,16,6,1500.0,14628.14,59.0,311,0.13504823151125403
2018-08-01,42.0,41,21,8,2500.0,17685.49,71.0,311,0.13183279742765272
2018-08-01,43.0,41,19,9,3300.0,23004.64,95.0,311,0.13183279742765272
2018-08-01,44.0,45,21,12,4200.0,21598.16,87.0,311,0.14469453376205788
2018-08-01,45.0,44,24,15,5400.0,32784.31,116.0,311,0.1414790996784566
2018-08-01,46.0,35,17,12,3900.0,15873.79,63.0,311,0.11254019292604502
2018-08-01,47.0,37,18,9,3000.0,10855.8,38.0,311,0.1189710610932476
2018-08-01,48.0,38,22,7,2600.0,15094.79,58.0,311,0.12218649517684887
2018-08-01,49.0,39,19,7,2300.0,11425.23,44.0,311,0.12540192926045016
2018-08-01,50.0,37,16,7,2300.0,10981.74,37.0,311,0.1189710610932476
2018-08-01,51.0,40,21,9,3300.0,13851.65,49.0,311,0.12861736334405144
2018-08-01,52.0,41,26,10,3500.0,17338.86,64.0,311,0.13183279742765272
2018-08-01,53.0,37,21,9,2400.0,15296.63,59.0,311,0.1189710610932476
2018-09-01,0.0,91,27,2,700.0,20005.68,78.0,91,1.0
2018-09-01,1.0,73,24,5,1900.0,18695.21,82.0,91,0.8021978021978022
2018-09-01,2.0,53,21,7,2600.0,16293.59,71.0,91,0.5824175824175825
2018-09-01,3.0,42,17,7,2300.0,7851.53,29.0,91,0.46153846153846156
2018-09-01,4.0,36,17,5,1300.0,13060.1,54.0,91,0.3956043956043956
2018-09-01,5.0,31,17,8,1900.0,18221.15,75.0,91,0.34065934065934067
2018-09-01,6.0,29,14,8,1900.0,11656.33,45.0,91,0.31868131868131866
2018-09-01,7.0,23,14,6,1500.0,11627.54,39.0,91,0.25274725274725274
2018-09-01,8.0,19,11,5,1000.0,5648.96,21.0,91,0.2087912087912088
2018-09-01,9.0,18,10,4,800.0,4093.0,14.0,91,0.1978021978021978
2018-09-01,10.0,18,10,3,600.0,5194.0,21.0,91,0.1978021978021978
2018-09-01,11.0,14,7,3,600.0,3838.0,13.0,91,0.15384615384615385
2018-09-01,12.0,8,6,2,400.0,2359.0,8.0,91,0.08791208791208792
2018-09-01,13.0,8,4,2,400.0,1085.0,5.0,91,0.08791208791208792
2018-09-01,14.0,8,5,1,200.0,2421.0,8.0,91,0.08791208791208792
2018-09-01,15.0,4,2,0,0.0,1179.0,5.0,91,0.04395604395604396
2018-09-01,16.0,8,3,0,0.0,1780.0,7.0,91,0.08791208791208792
2018-09-01,17.0,9,6,0,0.0,3521.0,18.0,91,0.0989010989010989
2018-09-01,18.0,10,1,0,0.0,961.0,4.0,91,0.10989010989010989
2018-09-01,19.0,8,2,1,200.0,4372.32,14.0,91,0.08791208791208792
2018-09-01,20.0,8,3,1,200.0,1592.06,6.0,91,0.08791208791208792
2018-09-01,21.0,10,3,1,200.0,1479.45,7.0,91,0.10989010989010989
2018-09-01,22.0,12,6,1,200.0,4862.0,12.0,91,0.13186813186813187
2018-09-01,23.0,11,3,1,500.0,2925.2,13.0,91,0.12087912087912088
2018-09-01,24.0,7,3,1,500.0,1228.5,9.0,91,0.07692307692307693
2018-09-01,25.0,8,4,1,500.0,1767.0,7.0,91,0.08791208791208792
2018-09-01,26.0,11,4,2,700.0,2359.73,14.0,91,0.12087912087912088
2018-09-01,27.0,14,6,3,900.0,3900.56,14.0,91,0.15384615384615385
2018-09-01,28.0,15,2,2,700.0,0.0,0.0,91,0.16483516483516483
2018-09-01,29.0,14,5,2,700.0,2494.0,11.0,91,0.15384615384615385
2018-09-01,30.0,13,8,2,400.0,4586.0,16.0,91,0.14285714285714285
2018-09-01,31.0,15,9,2,400.0,8455.57,31.0,91,0.16483516483516483
2018-09-01,32.0,11,7,5,1000.0,7098.29,26.0,91,0.12087912087912088
2018-09-01,33.0,12,6,4,800.0,2957.44,11.0,91,0.13186813186813187
2018-09-01,34.0,11,7,3,600.0,7271.21,27.0,91,0.12087912087912088
2018-09-01,35.0,8,6,4,800.0,5797.17,28.0,91,0.08791208791208792
2018-09-01,36.0,8,6,3,600.0,4800.08,21.0,91,0.08791208791208792
2018-09-01,37.0,7,5,3,600.0,3500.17,14.0,91,0.07692307692307693
2018-09-01,38.0,7,4,3,600.0,55.0,1.0,91,0.07692307692307693
2018-09-01,39.0,7,2,1,500.0,3475.9,14.0,91,0.07692307692307693
2018-09-01,40.0,9,4,2,900.0,2497.46,13.0,91,0.0989010989010989
2018-09-01,41.0,7,3,2,400.0,1976.4099999999999,8.0,91,0.07692307692307693
2018-09-01,42.0,7,6,3,600.0,8298.03,26.0,91,0.07692307692307693
2018-09-01,43.0,6,6,3,600.0,1753.0,7.0,91,0.06593406593406594
2018-09-01,44.0,7,5,1,200.0,4253.25,16.0,91,0.07692307692307693
2018-09-01,45.0,4,3,1,200.0,387.0,2.0,91,0.04395604395604396
2018-09-01,46.0,6,2,2,400.0,1862.4,10.0,91,0.06593406593406594
2018-09-01,47.0,8,5,2,400.0,2654.0,8.0,91,0.08791208791208792
2018-09-01,48.0,3,3,0,0.0,2621.0,12.0,91,0.03296703296703297
2018-09-01,49.0,4,2,0,0.0,639.0,3.0,91,0.04395604395604396
2018-09-01,50.0,6,4,1,200.0,5793.35,19.0,91,0.06593406593406594
2018-09-01,51.0,6,4,2,400.0,2428.0,7.0,91,0.06593406593406594
2018-09-01,52.0,8,2,1,200.0,908.0,2.0,91,0.08791208791208792
2018-10-01,0.0,190,78,8,2500.0,51112.75,218.0,190,1.0
2018-10-01,1.0,144,56,13,4900.0,51637.82,193.0,190,0.7578947368421053
2018-10-01,2.0,116,58,18,6200.0,47655.33,184.0,190,0.6105263157894737
2018-10-01,3.0,103,44,22,7300.0,37474.42,141.0,190,0.5421052631578948
2018-10-01,4.0,74,42,18,6400.0,35368.62,144.0,190,0.3894736842105263
2018-10-01,5.0,59,36,20,6200.0,36251.02,142.0,190,0.3105263157894737
2018-10-01,6.0,41,33,20,6200.0,16258.52,64.0,190,0.21578947368421053
2018-10-01,7.0,33,19,17,5000.0,12099.85,55.0,190,0.1736842105263158
2018-10-01,8.0,36,24,17,4700.0,19227.55,74.0,190,0.18947368421052632
2018-10-01,9.0,37,23,14,3900.0,17225.22,75.0,190,0.19473684210526315
2018-10-01,10.0,33,21,15,3800.0,10458.619999999999,51.0,190,0.1736842105263158
2018-10-01,11.0,28,20,12,3200.0,6877.85,33.0,190,0.14736842105263157
2018-10-01,12.0,28,19,9,1800.0,7871.67,28.0,190,0.14736842105263157
2018-10-01,13.0,28,14,9,2100.0,2748.3,16.0,190,0.14736842105263157
2018-10-01,14.0,25,15,8,1900.0,9629.04,34.0,190,0.13157894736842105
2018-10-01,15.0,23,16,10,2300.0,6773.52,25.0,190,0.12105263157894737
2018-10-01,16.0,23,15,7,1700.0,8111.76,27.0,190,0.12105263157894737
2018-10-01,17.0,28,15,7,2000.0,11010.9,42.0,190,0.14736842105263157
2018-10-01,18.0,28,21,6,1800.0,13561.5,55.0,190,0.14736842105263157
2018-10-01,19.0,29,15,7,2000.0,11726.02,45.0,190,0.15263157894736842
2018-10-01,20.0,26,16,7,2000.0,11196.369999999999,36.0,190,0.1368421052631579
2018-10-01,21.0,30,16,6,1500.0,15729.58,65.0,190,0.15789473684210525
2018-10-01,22.0,27,18,9,2400.0,10645.29,49.0,190,0.14210526315789473
2018-10-01,23.0,23,12,7,1700.0,10767.19,43.0,190,0.12105263157894737
2018-10-01,24.0,22,18,10,2600.0,20947.71,72.0,190,0.11578947368421053
2018-10-01,25.0,21,16,10,2600.0,18529.92,59.0,190,0.11052631578947368
2018-10-01,26.0,19,15,9,2100.0,14296.28,48.0,190,0.1
2018-10-01,27.0,19,15,9,2400.0,7970.4,37.0,190,0.1
2018-10-01,28.0,20,8,5,1600.0,4196.860000000001,16.0,190,0.10526315789473684
2018-10-01,29.0,25,8,3,600.0,4932.48,23.0,190,0.13157894736842105
2018-10-01,30.0,27,8,3,600.0,5289.0599999999995,23.0,190,0.14210526315789473
2018-10-01,31.0,24,14,5,1600.0,11211.939999999999,44.0,190,0.12631578947368421
2018-10-01,32.0,19,11,3,1200.0,6251.4,24.0,190,0.1
2018-10-01,33.0,16,6,2,1000.0,3414.9,15.0,190,0.08421052631578947
2018-10-01,34.0,17,6,2,1000.0,4137.0,11.0,190,0.08947368421052632
2018-10-01,35.0,21,6,1,500.0,2869.0,10.0,190,0.11052631578947368
2018-10-01,36.0,24,7,1,500.0,2409.0,11.0,190,0.12631578947368421
2018-10-01,37.0,27,11,2,700.0,7611.41,33.0,190,0.14210526315789473
2018-10-01,38.0,23,10,1,200.0,8407.119999999999,28.0,190,0.12105263157894737
2018-10-01,39.0,18,5,2,400.0,3877.56,15.0,190,0.09473684210526316
2018-10-01,40.0,21,9,3,900.0,11659.34,37.0,190,0.11052631578947368
2018-10-01,41.0,21,8,5,1300.0,11164.470000000001,41.0,190,0.11052631578947368
2018-10-01,42.0,19,10,5,1300.0,8211.06,35.0,190,0.1
2018-10-01,43.0,20,11,6,1500.0,13315.48,54.0,190,0.10526315789473684
2018-10-01,44.0,23,13,5,1300.0,11400.07,42.0,190,0.12105263157894737
2018-10-01,45.0,23,9,3,900.0,11844.96,43.0,190,0.12105263157894737
2018-10-01,46.0,23,15,4,1100.0,9224.34,39.0,190,0.12105263157894737
2018-10-01,47.0,26,13,2,400.0,11289.04,40.0,190,0.1368421052631579
2018-10-01,48.0,26,7,2,400.0,6291.11,27.0,190,0.1368421052631579
2018-10-01,49.0,16,7,2,400.0,2848.0,13.0,190,0.08421052631578947
2018-10-01,50.0,17,8,2,400.0,7462.57,29.0,190,0.08947368421052632
2018-10-01,51.0,20,7,3,600.0,6773.83,22.0,190,0.10526315789473684
2018-11-01,0.0,137,57,5,1900.0,38893.9,149.0,137,1.0
2018-11-01,1.0,117,41,7,2300.0,28332.45,117.0,137,0.8540145985401459
2018-11-01,2.0,85,38,7,2300.0,31668.8,125.0,137,0.6204379562043796
2018-11-01,3.0,72,28,9,3300.0,27427.22,116.0,137,0.5255474452554745
2018-11-01,4.0,54,24,10,3500.0,16134.05,61.0,137,0.39416058394160586
2018-11-01,5.0,45,23,10,3500.0,22263.6,91.0,137,0.3284671532846715
2018-11-01,6.0,40,24,11,4000.0,20772.32,84.0,137,0.291970802919708
2018-11-01,7.0,34,20,8,2500.0,16902.7,64.0,137,0.24817518248175183
2018-11-01,8.0,25,19,9,2700.0,12334.58,55.0,137,0.18248175182481752
2018-11-01,9.0,26,12,8,2500.0,5449.19,26.0,137,0.1897810218978102
2018-11-01,10.0,23,15,7,2000.0,13742.95,56.0,137,0.1678832116788321
2018-11-01,11.0,24,9,6,1800.0,5940.049999999999,27.0,137,0.17518248175182483
2018-11-01,12.0,19,13,6,1800.0,7618.12,33.0,137,0.1386861313868613
2018-11-01,13.0,20,10,6,1500.0,4367.38,19.0,137,0.145985401459854
2018-11-01,14.0,18,10,6,1500.0,2496.66,12.0,137,0.13138686131386862
2018-11-01,15.0,18,9,5,1300.0,11300.150000000001,46.0,137,0.13138686131386862
2018-11-01,16.0,18,9,4,800.0,12343.34,38.0,137,0.13138686131386862
2018-11-01,17.0,17,7,5,1000.0,7117.26,34.0,137,0.12408759124087591
2018-11-01,18.0,14,9,6,1200.0,10958.66,39.0,137,0.10218978102189781
2018-11-01,19.0,14,12,7,1600.0,7551.66,37.0,137,0.10218978102189781
2018-11-01,20.0,11,9,6,1200.0,4539.78,17.0,137,0.08029197080291971
2018-11-01,21.0,12,8,6,1700.0,4405.54,24.0,137,0.08759124087591241
2018-11-01,22.0,11,9,8,2400.0,6757.91,32.0,137,0.08029197080291971
2018-11-01,23.0,12,10,9,2700.0,9049.3,41.0,137,0.08759124087591241
2018-11-01,24.0,13,9,8,2500.0,6953.8,33.0,137,0.0948905109489051
2018-11-01,25.0,11,12,8,2500.0,4411.4,19.0,137,0.08029197080291971
2018-11-01,26.0,10,8,7,2300.0,12473.880000000001,51.0,137,0.072992700729927
2018-11-01,27.0,11,8,5,1600.0,1561.6,10.0,137,0.08029197080291971
2018-11-01,28.0,15,6,2,700.0,3035.0,8.0,137,0.10948905109489052
2018-11-01,29.0,18,8,3,900.0,4559.780000000001,22.0,137,0.13138686131386862
2018-11-01,30.0,17,7,3,900.0,2427.0,11.0,137,0.12408759124087591
2018-11-01,31.0,17,12,2,700.0,6667.0,25.0,137,0.12408759124087591
2018-11-01,32.0,15,4,1,500.0,1545.0,7.0,137,0.10948905109489052
2018-11-01,33.0,15,7,2,700.0,7113.5,23.0,137,0.10948905109489052
2018-11-01,34.0,10,2,1,200.0,437.0,3.0,137,0.072992700729927
2018-11-01,35.0,13,7,2,400.0,4819.23,21.0,137,0.0948905109489051
2018-11-01,36.0,11,7,3,900.0,4126.0,19.0,137,0.08029197080291971
2018-11-01,37.0,12,3,1,500.0,922.0,5.0,137,0.08759124087591241
2018-11-01,38.0,10,5,0,0.0,3388.0,14.0,137,0.072992700729927
2018-11-01,39.0,10,6,1,200.0,4913.45,18.0,137,0.072992700729927
2018-11-01,40.0,15,6,2,400.0,7899.66,39.0,137,0.10948905109489052
2018-11-01,41.0,13,9,3,900.0,4040.19,18.0,137,0.0948905109489051
2018-11-01,42.0,13,3,3,900.0,3724.67,16.0,137,0.0948905109489051
2018-11-01,43.0,11,7,4,1100.0,6901.5199999999995,29.0,137,0.08029197080291971
2018-11-01,44.0,12,6,4,1100.0,4135.95,15.0,137,0.08759124087591241
2018-11-01,45.0,14,10,4,1100.0,11240.64,37.0,137,0.10218978102189781
2018-11-01,46.0,14,7,3,900.0,4118.0,12.0,137,0.10218978102189781
2018-11-01,47.0,16,8,4,1400.0,7735.76,32.0,137,0.11678832116788321
2018-11-01,48.0,17,8,3,900.0,3959.0,13.0,137,0.12408759124087591
2018-11-01,49.0,16,4,3,600.0,4008.8,17.0,137,0.11678832116788321
2018-11-01,50.0,17,5,3,600.0,3427.16,16.0,137,0.12408759124087591
2018-12-01,0.0,62,18,3,600.0,13342.85,54.0,62,1.0
2018-12-01,1.0,40,14,4,1100.0,8878.33,32.0,62,0.6451612903225806
2018-12-01,2.0,31,14,4,1100.0,9627.42,40.0,62,0.5
2018-12-01,3.0,25,14,5,1300.0,11684.48,51.0,62,0.4032258064516129
2018-12-01,4.0,20,12,4,1100.0,7021.65,25.0,62,0.3225806451612903
2018-12-01,5.0,14,9,4,800.0,5288.55,19.0,62,0.22580645161290322
2018-12-01,6.0,14,10,5,1000.0,7185.77,22.0,62,0.22580645161290322
2018-12-01,7.0,13,5,2,400.0,4132.24,17.0,62,0.20967741935483872
2018-12-01,8.0,11,5,2,400.0,2805.3199999999997,15.0,62,0.1774193548387097
2018-12-01,9.0,9,4,2,400.0,1986.0700000000002,9.0,62,0.14516129032258066
2018-12-01,10.0,12,7,2,400.0,6046.52,12.0,62,0.1935483870967742
2018-12-01,11.0,11,8,3,600.0,7417.56,32.0,62,0.1774193548387097
2018-12-01,12.0,12,8,3,800.0,6915.219999999999,30.0,62,0.1935483870967742
2018-12-01,13.0,12,6,2,400.0,7569.19,24.0,62,0.1935483870967742
2018-12-01,14.0,11,4,3,900.0,3492.42,16.0,62,0.1774193548387097
2018-12-01,15.0,13,4,3,900.0,4376.4,16.0,62,0.20967741935483872
2018-12-01,16.0,14,10,3,900.0,8142.1,29.0,62,0.22580645161290322
2018-12-01,17.0,16,6,3,900.0,4836.77,20.0,62,0.25806451612903225
2018-12-01,18.0,14,7,4,1400.0,5132.8,24.0,62,0.22580645161290322
2018-12-01,19.0,11,5,4,1400.0,2730.55,11.0,62,0.1774193548387097
2018-12-01,20.0,8,6,4,1400.0,1280.0,7.0,62,0.12903225806451613
2018-12-01,21.0,8,4,2,700.0,1628.0,5.0,62,0.12903225806451613
2018-12-01,22.0,7,4,2,700.0,1389.0,6.0,62,0.11290322580645161
2018-12-01,23.0,6,5,2,700.0,1916.0,7.0,62,0.0967741935483871
2018-12-01,24.0,5,3,3,1200.0,2561.4,10.0,62,0.08064516129032258
2018-12-01,25.0,6,4,2,700.0,2236.5,11.0,62,0.0967741935483871
2018-12-01,26.0,8,5,3,1200.0,4966.0,21.0,62,0.12903225806451613
2018-12-01,27.0,7,5,3,1200.0,4876.7,22.0,62,0.11290322580645161
2018-12-01,28.0,8,6,4,1400.0,6474.22,24.0,62,0.12903225806451613
2018-12-01,29.0,8,8,4,1400.0,2824.1,14.0,62,0.12903225806451613
2018-12-01,30.0,6,4,3,900.0,326.0,1.0,62,0.0967741935483871
2018-12-01,31.0,9,4,3,600.0,1085.56,7.0,62,0.14516129032258066
2018-12-01,32.0,11,7,4,1100.0,5113.12,23.0,62,0.1774193548387097
2018-12-01,33.0,9,5,4,1100.0,1610.42,6.0,62,0.14516129032258066
2018-12-01,34.0,7,4,3,900.0,3507.16,13.0,62,0.11290322580645161
2018-12-01,35.0,10,4,2,700.0,3405.09,16.0,62,0.16129032258064516
2018-12-01,36.0,8,4,2,700.0,2979.1,11.0,62,0.12903225806451613
2018-12-01,37.0,6,5,3,900.0,6356.75,18.0,62,0.0967741935483871
2018-12-01,38.0,6,3,2,700.0,1422.0,3.0,62,0.0967741935483871
2018-12-01,39.0,5,2,0,0.0,922.0,3.0,62,0.08064516129032258
2018-12-01,40.0,6,3,0,0.0,1770.0,5.0,62,0.0967741935483871
2018-12-01,41.0,6,2,1,500.0,2939.1,13.0,62,0.0967741935483871
2018-12-01,42.0,9,2,1,500.0,3751.9,15.0,62,0.14516129032258066
2018-12-01,43.0,11,5,1,500.0,4496.0,19.0,62,0.1774193548387097
2018-12-01,44.0,11,7,4,1700.0,7920.04,31.0,62,0.1774193548387097
2018-12-01,45.0,6,5,4,1700.0,682.9,4.0,62,0.0967741935483871
2018-12-01,46.0,7,7,6,2400.0,7548.37,35.0,62,0.11290322580645161
2018-12-01,47.0,9,9,6,2400.0,5989.3,23.0,62,0.14516129032258066
2018-12-01,48.0,8,5,5,2500.0,2451.6,13.0,62,0.12903225806451613
2018-12-01,49.0,9,6,5,2500.0,1752.2,7.0,62,0.14516129032258066
2019-01-01,0.0,202,69,10,3100.0,63237.56,236.0,202,1.0
2019-01-01,1.0,159,53,13,4000.0,41080.15,149.0,202,0.7871287128712872
2019-01-01,2.0,122,52,18,6200.0,46103.29,173.0,202,0.6039603960396039
2019-01-01,3.0,92,40,24,8000.0,31549.96,137.0,202,0.45544554455445546
2019-01-01,4.0,75,41,21,6600.0,31635.989999999998,122.0,202,0.3712871287128713
2019-01-01,5.0,72,44,24,7700.0,34644.85,147.0,202,0.3564356435643564
2019-01-01,6.0,55,39,25,7100.0,25289.87,100.0,202,0.2722772277227723
2019-01-01,7.0,55,36,23,6400.0,26565.1,83.0,202,0.2722772277227723
2019-01-01,8.0,58,37,19,5800.0,18484.22,82.0,202,0.2871287128712871
2019-01-01,9.0,51,27,13,4300.0,12316.9,53.0,202,0.2524752475247525
2019-01-01,10.0,45,24,11,3400.0,14473.130000000001,62.0,202,0.22277227722772278
2019-01-01,11.0,41,27,12,3600.0,19283.95,78.0,202,0.20297029702970298
2019-01-01,12.0,35,21,13,3800.0,18870.54,75.0,202,0.17326732673267325
2019-01-01,13.0,35,18,11,3100.0,7837.96,27.0,202,0.17326732673267325
2019-01-01,14.0,32,17,11,3100.0,13524.630000000001,54.0,202,0.15841584158415842
2019-01-01,15.0,26,19,13,4300.0,17861.42,67.0,202,0.12871287128712872
2019-01-01,16.0,30,22,13,4300.0,27644.39,91.0,202,0.1485148514851485
2019-01-01,17.0,32,23,13,4300.0,16338.95,75.0,202,0.15841584158415842
2019-01-01,18.0,32,22,12,3600.0,23753.63,79.0,202,0.15841584158415842
2019-01-01,19.0,31,11,8,1900.0,10971.61,42.0,202,0.15346534653465346
2019-01-01,20.0,31,18,9,2100.0,20484.19,75.0,202,0.15346534653465346
2019-01-01,21.0,29,16,9,2100.0,9085.15,38.0,202,0.14356435643564355
2019-01-01,22.0,24,15,9,2100.0,14407.84,62.0,202,0.1188118811881188
2019-01-01,23.0,23,18,10,2600.0,10560.61,47.0,202,0.11386138613861387
2019-01-01,24.0,24,20,12,3000.0,17906.76,66.0,202,0.1188118811881188
2019-01-01,25.0,23,19,15,4400.0,12489.21,59.0,202,0.11386138613861387
2019-01-01,26.0,21,19,15,4400.0,11254.84,51.0,202,0.10396039603960396
2019-01-01,27.0,19,19,12,3300.0,8424.3,38.0,202,0.09405940594059406
2019-01-01,28.0,16,13,11,3100.0,5187.38,22.0,202,0.07920792079207921
2019-01-01,29.0,15,17,10,2600.0,10171.59,32.0,202,0.07425742574257425
2019-01-01,30.0,16,13,7,1700.0,3837.0,18.0,202,0.07920792079207921
2019-01-01,31.0,17,10,4,1400.0,7369.1,16.0,202,0.08415841584158416
2019-01-01,32.0,15,5,3,1200.0,4175.6,17.0,202,0.07425742574257425
2019-01-01,33.0,22,14,5,1600.0,10702.53,49.0,202,0.10891089108910891
2019-01-01,34.0,22,8,5,1600.0,3745.5,15.0,202,0.10891089108910891
2019-01-01,35.0,17,9,3,900.0,2042.0,11.0,202,0.08415841584158416
2019-01-01,36.0,20,9,3,900.0,3613.0,13.0,202,0.09900990099009901
2019-01-01,37.0,20,5,2,700.0,1456.0,7.0,202,0.09900990099009901
2019-01-01,38.0,18,5,1,200.0,1716.0,7.0,202,0.0891089108910891
2019-01-01,39.0,20,8,1,200.0,6184.0,23.0,202,0.09900990099009901
2019-01-01,40.0,25,10,2,400.0,7236.07,29.0,202,0.12376237623762376
2019-01-01,41.0,24,10,4,800.0,8110.08,35.0,202,0.1188118811881188
2019-01-01,42.0,24,10,4,800.0,8989.94,41.0,202,0.1188118811881188
2019-01-01,43.0,19,9,4,800.0,7554.21,39.0,202,0.09405940594059406
2019-01-01,44.0,23,12,6,1200.0,15552.48,63.0,202,0.11386138613861387
2019-01-01,45.0,23,15,6,1200.0,8003.21,35.0,202,0.11386138613861387
2019-01-01,46.0,25,9,3,600.0,11028.54,41.0,202,0.12376237623762376
2019-01-01,47.0,22,8,3,600.0,11498.79,41.0,202,0.10891089108910891
2019-01-01,48.0,23,10,2,400.0,9986.15,33.0,202,0.11386138613861387
2019-02-01,0.0,158,55,6,1800.0,43294.46,167.0,158,1.0
2019-02-01,1.0,129,40,9,2700.0,33809.46,153.0,158,0.8164556962025317
2019-02-01,2.0,100,41,13,3500.0,32906.49,135.0,158,0.6329113924050633
2019-02-01,3.0,79,38,18,5100.0,29691.39,132.0,158,0.5
2019-02-01,4.0,67,36,15,4500.0,20044.36,83.0,158,0.4240506329113924
2019-02-01,5.0,53,29,14,4000.0,18709.13,70.0,158,0.33544303797468356
2019-02-01,6.0,44,24,11,3100.0,11776.19,45.0,158,0.27848101265822783
2019-02-01,7.0,34,20,11,3400.0,19520.38,74.0,158,0.21518987341772153
2019-02-01,8.0,28,15,8,2800.0,9128.57,35.0,158,0.17721518987341772
2019-02-01,9.0,32,19,8,2500.0,9744.46,36.0,158,0.20253164556962025
2019-02-01,10.0,33,21,10,2600.0,8324.46,40.0,158,0.2088607594936709
2019-02-01,11.0,25,16,10,2300.0,10249.22,35.0,158,0.15822784810126583
2019-02-01,12.0,24,11,5,1000.0,8891.4,34.0,158,0.1518987341772152
2019-02-01,13.0,23,15,6,1800.0,12056.92,49.0,158,0.14556962025316456
2019-02-01,14.0,20,12,8,2200.0,4967.62,22.0,158,0.12658227848101267
2019-02-01,15.0,21,14,9,2400.0,16285.18,65.0,158,0.13291139240506328
2019-02-01,16.0,22,15,8,3000.0,10365.06,39.0,158,0.13924050632911392
2019-02-01,17.0,18,10,7,2300.0,9744.18,35.0,158,0.11392405063291139
2019-02-01,18.0,14,8,7,2300.0,9488.43,38.0,158,0.08860759493670886
2019-02-01,19.0,13,12,8,3000.0,9206.53,32.0,158,0.08227848101265822
2019-02-01,20.0,17,13,8,2700.0,12195.880000000001,47.0,158,0.10759493670886076
2019-02-01,21.0,20,14,10,3100.0,7109.94,33.0,158,0.12658227848101267
2019-02-01,22.0,17,15,9,2900.0,7683.16,29.0,158,0.10759493670886076
2019-02-01,23.0,13,10,5,1300.0,10923.619999999999,37.0,158,0.08227848101265822
2019-02-01,24.0,13,10,7,2000.0,9234.25,38.0,158,0.08227848101265822
2019-02-01,25.0,17,11,6,1500.0,9845.35,36.0,158,0.10759493670886076
2019-02-01,26.0,17,9,7,1400.0,4426.14,17.0,158,0.10759493670886076
2019-02-01,27.0,20,9,7,1400.0,10295.67,41.0,158,0.12658227848101267
2019-02-01,28.0,15,7,4,800.0,9584.2,32.0,158,0.0949367088607595
2019-02-01,29.0,15,10,5,1300.0,8345.73,39.0,158,0.0949367088607595
2019-02-01,30.0,19,11,5,1300.0,12619.529999999999,52.0,158,0.12025316455696203
2019-02-01,31.0,17,7,3,900.0,6105.8099999999995,22.0,158,0.10759493670886076
2019-02-01,32.0,21,11,3,900.0,9136.33,39.0,158,0.13291139240506328
2019-02-01,33.0,18,6,3,900.0,4144.62,19.0,158,0.11392405063291139
2019-02-01,34.0,16,9,3,900.0,2730.26,16.0,158,0.10126582278481013
2019-02-01,35.0,18,11,4,1400.0,10128.4,33.0,158,0.11392405063291139
2019-02-01,36.0,22,11,4,1400.0,5296.0,20.0,158,0.13924050632911392
2019-02-01,37.0,18,11,2,700.0,5216.0,22.0,158,0.11392405063291139
2019-02-01,38.0,17,7,2,700.0,2922.0,14.0,158,0.10759493670886076
2019-02-01,39.0,17,7,2,700.0,2925.0,13.0,158,0.10759493670886076
2019-02-01,40.0,20,10,2,700.0,3661.0,18.0,158,0.12658227848101267
2019-02-01,41.0,18,12,5,1300.0,13115.44,40.0,158,0.11392405063291139
2019-02-01,42.0,21,8,5,1300.0,6768.33,28.0,158,0.13291139240506328
2019-02-01,43.0,27,11,4,1100.0,7543.5599999999995,31.0,158,0.17088607594936708
2019-02-01,44.0,21,10,7,1900.0,11989.779999999999,48.0,158,0.13291139240506328
2019-02-01,45.0,24,17,9,2700.0,12969.04,60.0,158,0.1518987341772152
2019-02-01,46.0,19,9,6,1800.0,8148.68,37.0,158,0.12025316455696203
2019-02-01,47.0,15,11,6,1500.0,5488.66,24.0,158,0.0949367088607595
2019-03-01,0.0,188,66,8,2800.0,50030.07,205.0,188,1.0
2019-03-01,1.0,140,41,11,3600.0,33415.19,123.0,188,0.7446808510638298
2019-03-01,2.0,112,45,12,3000.0,37553.11,142.0,188,0.5957446808510638
2019-03-01,3.0,85,36,15,3900.0,26338.84,113.0,188,0.4521276595744681
2019-03-01,4.0,71,38,15,4200.0,29990.04,124.0,188,0.3776595744680851
2019-03-01,5.0,59,31,15,4800.0,18662.04,89.0,188,0.31382978723404253
2019-03-01,6.0,56,31,13,3800.0,16451.3,75.0,188,0.2978723404255319
2019-03-01,7.0,47,29,15,4200.0,23334.23,94.0,188,0.25
2019-03-01,8.0,42,27,15,4500.0,15602.8,74.0,188,0.22340425531914893
2019-03-01,9.0,33,24,13,3800.0,8325.8,42.0,188,0.17553191489361702
2019-03-01,10.0,24,24,11,3700.0,11714.3,40.0,188,0.1276595744680851
2019-03-01,11.0,20,18,9,3300.0,6652.17,33.0,188,0.10638297872340426
2019-03-01,12.0,20,15,9,3300.0,12869.34,46.0,188,0.10638297872340426
2019-03-01,13.0,20,12,7,2900.0,5643.7,20.0,188,0.10638297872340426
2019-03-01,14.0,21,12,6,2700.0,5708.9,21.0,188,0.11170212765957446
2019-03-01,15.0,18,12,6,2700.0,7393.5,26.0,188,0.09574468085106383
2019-03-01,16.0,21,8,5,1900.0,6843.3,30.0,188,0.11170212765957446
2019-03-01,17.0,18,10,4,1400.0,4862.0,16.0,188,0.09574468085106383
2019-03-01,18.0,16,4,2,400.0,4069.76,10.0,188,0.0851063829787234
2019-03-01,19.0,17,8,2,400.0,5397.2,24.0,188,0.09042553191489362
2019-03-01,20.0,25,10,4,1600.0,9317.18,38.0,188,0.13297872340425532
2019-03-01,21.0,17,10,4,1600.0,2712.0,15.0,188,0.09042553191489362
2019-03-01,22.0,22,11,3,1200.0,4371.0,22.0,188,0.11702127659574468
2019-03-01,23.0,24,9,2,1000.0,4503.0,19.0,188,0.1276595744680851
2019-03-01,24.0,26,10,3,1200.0,8571.61,44.0,188,0.13829787234042554
2019-03-01,25.0,28,10,4,1400.0,5652.68,21.0,188,0.14893617021276595
2019-03-01,26.0,25,9,2,700.0,8692.17,32.0,188,0.13297872340425532
2019-03-01,27.0,21,4,1,200.0,3986.54,20.0,188,0.11170212765957446
2019-03-01,28.0,24,8,1,200.0,5452.75,20.0,188,0.1276595744680851
2019-03-01,29.0,17,8,1,200.0,7776.3,24.0,188,0.09042553191489362
2019-03-01,30.0,20,10,1,200.0,5088.0,19.0,188,0.10638297872340426
2019-03-01,31.0,22,12,3,1100.0,9279.11,36.0,188,0.11702127659574468
2019-03-01,32.0,17,10,4,1300.0,4361.64,20.0,188,0.09042553191489362
2019-03-01,33.0,21,12,5,2000.0,7761.33,33.0,188,0.11170212765957446
2019-03-01,34.0,15,11,7,2900.0,11227.220000000001,36.0,188,0.0797872340425532
2019-03-01,35.0,15,10,6,2500.0,3585.91,15.0,188,0.0797872340425532
2019-03-01,36.0,18,9,7,2500.0,4883.34,20.0,188,0.09574468085106383
2019-03-01,37.0,21,15,6,1800.0,6135.8,27.0,188,0.11170212765957446
2019-03-01,38.0,22,10,4,1100.0,8267.03,31.0,188,0.11702127659574468
2019-03-01,39.0,23,12,4,1100.0,6890.83,23.0,188,0.12234042553191489
2019-03-01,40.0,22,11,4,1100.0,9749.96,38.0,188,0.11702127659574468
2019-03-01,41.0,22,10,4,800.0,7764.67,31.0,188,0.11702127659574468
2019-03-01,42.0,17,10,5,1300.0,12266.59,48.0,188,0.09042553191489362
2019-03-01,43.0,19,13,5,1300.0,10006.01,37.0,188,0.10106382978723404
2019-03-01,44.0,22,11,6,2100.0,11176.47,48.0,188,0.11702127659574468
2019-03-01,45.0,13,9,6,2100.0,5833.95,27.0,188,0.06914893617021277
2019-03-01,46.0,14,10,7,2300.0,6676.0599999999995,30.0,188,0.07446808510638298
2019-04-01,0.0,1860,648,98,27400.0,535451.26,2082.0,1860,1.0
2019-04-01,1.0,1413,555,166,48900.0,438288.57,1777.0,1860,0.7596774193548387
2019-04-01,2.0,1091,498,190,57100.0,453735.73,1753.0,1860,0.5865591397849462
2019-04-01,3.0,858,458,217,65400.0,386444.79,1493.0,1860,0.4612903225806452
2019-04-01,4.0,701,372,187,54800.0,267472.71,1097.0,1860,0.37688172043010754
2019-04-01,5.0,545,300,162,44000.0,236483.34,909.0,1860,0.29301075268817206
2019-04-01,6.0,455,286,154,43200.0,188185.73,741.0,1860,0.2446236559139785
2019-04-01,7.0,378,232,125,35600.0,148724.21,560.0,1860,0.2032258064516129
2019-04-01,8.0,346,205,124,36900.0,156361.64,653.0,1860,0.1860215053763441
2019-04-01,9.0,306,191,117,36500.0,146161.99,583.0,1860,0.16451612903225807
2019-04-01,10.0,297,192,116,35200.0,141924.39,555.0,1860,0.1596774193548387
2019-04-01,11.0,269,175,112,33800.0,106656.66,434.0,1860,0.1446236559139785
2019-04-01,12.0,263,168,99,29300.0,98215.43000000001,395.0,1860,0.14139784946236558
2019-04-01,13.0,248,145,81,24900.0,94686.07,363.0,1860,0.13333333333333333
2019-04-01,14.0,246,142,71,21900.0,101276.09,400.0,1860,0.13225806451612904
2019-04-01,15.0,224,129,59,18000.0,94493.02,381.0,1860,0.12043010752688173
2019-04-01,16.0,226,125,62,17200.0,89761.0,326.0,1860,0.12150537634408602
2019-04-01,17.0,238,124,52,14700.0,83099.4,332.0,1860,0.12795698924731183
2019-04-01,18.0,212,108,54,15200.0,84564.32,322.0,1860,0.11397849462365592
2019-04-01,19.0,222,106,51,14900.0,77533.89,295.0,1860,0.11935483870967742
2019-04-01,20.0,231,112,47,13300.0,76712.76,298.0,1860,0.12419354838709677
2019-04-01,21.0,209,105,49,14300.0,68135.12,269.0,1860,0.11236559139784946
2019-04-01,22.0,232,102,41,13800.0,76908.64,293.0,1860,0.12473118279569892
2019-04-01,23.0,219,101,39,12500.0,75128.55,297.0,1860,0.11774193548387096
2019-04-01,24.0,213,109,41,12000.0,92483.47,362.0,1860,0.11451612903225807
2019-04-01,25.0,210,113,49,14500.0,98728.81999999999,401.0,1860,0.11290322580645161
2019-04-01,26.0,212,104,50,15000.0,72637.96,299.0,1860,0.11397849462365592
2019-04-01,27.0,213,111,54,17100.0,102788.63,396.0,1860,0.11451612903225807
2019-04-01,28.0,217,104,50,15000.0,74853.91,288.0,1860,0.11666666666666667
2019-04-01,29.0,207,101,45,14000.0,80650.48,313.0,1860,0.11129032258064517
2019-04-01,30.0,201,106,49,15100.0,80563.41,314.0,1860,0.10806451612903226
2019-04-01,31.0,201,102,44,13900.0,77992.07,305.0,1860,0.10806451612903226
2019-04-01,32.0,202,100,48,15700.0,70606.53,298.0,1860,0.1086021505376344
2019-04-01,33.0,217,117,48,15700.0,79704.24,302.0,1860,0.11666666666666667
2019-04-01,34.0,212,99,40,13100.0,64815.3,261.0,1860,0.11397849462365592
2019-04-01,35.0,212,100,45,14600.0,76982.67,297.0,1860,0.11397849462365592
2019-04-01,36.0,225,101,51,15800.0,83543.35,345.0,1860,0.12096774193548387
2019-04-01,37.0,243,120,45,14500.0,96234.16,357.0,1860,0.13064516129032258
2019-04-01,38.0,242,116,49,14800.0,87527.34,351.0,1860,0.13010752688172042
2019-04-01,39.0,221,100,46,14300.0,65826.57,273.0,1860,0.11881720430107527
2019-04-01,40.0,205,114,43,13400.0,77128.93,312.0,1860,0.11021505376344086
2019-04-01,41.0,205,102,51,15900.0,83239.69,340.0,1860,0.11021505376344086
2019-04-01,42.0,208,119,54,16200.0,101911.14,397.0,1860,0.11182795698924732
2019-04-01,43.0,204,103,47,13600.0,75195.53,282.0,1860,0.10967741935483871
2019-04-01,44.0,207,104,45,13500.0,90982.64,360.0,1860,0.11129032258064517
2019-04-01,45.0,211,99,41,12100.0,73528.12,299.0,1860,0.11344086021505376
2019-05-01,0.0,123,45,6,2100.0,27872.4,129.0,123,1.0
2019-05-01,1.0,87,43,14,3700.0,43728.76,176.0,123,0.7073170731707317
2019-05-01,2.0,71,36,18,5600.0,33452.17,125.0,123,0.5772357723577236
2019-05-01,3.0,51,34,18,5600.0,22549.24,107.0,123,0.4146341463414634
2019-05-01,4.0,39,31,19,5500.0,27407.420000000002,124.0,123,0.3170731707317073
2019-05-01,5.0,28,15,13,4300.0,8741.48,29.0,123,0.22764227642276422
2019-05-01,6.0,24,21,11,3300.0,14080.59,60.0,123,0.1951219512195122
2019-05-01,7.0,22,15,10,2800.0,18712.99,71.0,123,0.17886178861788618
2019-05-01,8.0,19,13,8,2200.0,10203.45,45.0,123,0.15447154471544716
2019-05-01,9.0,16,13,9,2400.0,8497.470000000001,34.0,123,0.13008130081300814
2019-05-01,10.0,16,13,9,2700.0,6978.63,33.0,123,0.13008130081300814
2019-05-01,11.0,17,10,10,3200.0,5989.16,30.0,123,0.13821138211382114
2019-05-01,12.0,19,14,10,3200.0,9983.24,39.0,123,0.15447154471544716
2019-05-01,13.0,16,9,7,2600.0,7853.53,33.0,123,0.13008130081300814
2019-05-01,14.0,15,9,5,2100.0,9044.11,24.0,123,0.12195121951219512
2019-05-01,15.0,20,9,6,1800.0,9741.380000000001,42.0,123,0.16260162601626016
2019-05-01,16.0,20,8,6,1800.0,5500.1900000000005,22.0,123,0.16260162601626016
2019-05-01,17.0,23,9,5,1300.0,7543.82,29.0,123,0.18699186991869918
2019-05-01,18.0,17,12,6,1500.0,14232.22,56.0,123,0.13821138211382114
2019-05-01,19.0,20,9,6,1500.0,6355.37,22.0,123,0.16260162601626016
2019-05-01,20.0,19,10,4,1100.0,7040.78,27.0,123,0.15447154471544716
2019-05-01,21.0,17,7,3,900.0,2876.0,12.0,123,0.13821138211382114
2019-05-01,22.0,20,8,4,1400.0,9384.06,36.0,123,0.16260162601626016
2019-05-01,23.0,15,7,4,1900.0,7806.1,33.0,123,0.12195121951219512
2019-05-01,24.0,14,6,5,1800.0,10169.48,41.0,123,0.11382113821138211
2019-05-01,25.0,13,9,6,2000.0,6814.32,29.0,123,0.10569105691056911
2019-05-01,26.0,14,10,5,1500.0,8804.91,33.0,123,0.11382113821138211
2019-05-01,27.0,15,5,5,1200.0,7670.76,32.0,123,0.12195121951219512
2019-05-01,28.0,16,14,7,1900.0,11594.04,45.0,123,0.13008130081300814
2019-05-01,29.0,16,11,7,1900.0,9888.05,45.0,123,0.13008130081300814
2019-05-01,30.0,18,8,6,1400.0,4999.2699999999995,19.0,123,0.14634146341463414
2019-05-01,31.0,17,8,5,1200.0,6125.33,25.0,123,0.13821138211382114
2019-05-01,32.0,13,10,4,1000.0,8117.37,29.0,123,0.10569105691056911
2019-05-01,33.0,9,6,3,800.0,1651.0,6.0,123,0.07317073170731707
2019-05-01,34.0,12,11,5,1000.0,8535.14,31.0,123,0.0975609756097561
2019-05-01,35.0,13,6,5,1000.0,226.6,3.0,123,0.10569105691056911
2019-05-01,36.0,13,8,4,800.0,6398.610000000001,24.0,123,0.10569105691056911
2019-05-01,37.0,14,9,3,600.0,3516.0,14.0,123,0.11382113821138211
2019-05-01,38.0,12,7,3,600.0,2835.0,11.0,123,0.0975609756097561
2019-05-01,39.0,10,5,3,600.0,1150.0,4.0,123,0.08130081300813008
2019-05-01,40.0,12,7,3,600.0,3859.46,19.0,123,0.0975609756097561
2019-05-01,41.0,8,1,1,200.0,77.6,1.0,123,0.06504065040650407
2019-05-01,42.0,8,4,1,200.0,1448.0,6.0,123,0.06504065040650407
2019-05-01,43.0,10,5,2,700.0,1049.2,6.0,123,0.08130081300813008
2019-05-01,44.0,13,6,4,1400.0,1324.7,8.0,123,0.10569105691056911
2019-06-01,0.0,295,119,15,3900.0,95171.82,368.0,295,1.0
2019-06-01,1.0,221,87,29,8400.0,71328.81,268.0,295,0.7491525423728813
2019-06-01,2.0,161,71,30,8300.0,65384.53,246.0,295,0.5457627118644067
2019-06-01,3.0,130,63,28,7600.0,58272.29,231.0,295,0.4406779661016949
2019-06-01,4.0,104,55,25,6400.0,44034.14,170.0,295,0.3525423728813559
2019-06-01,5.0,96,57,25,5900.0,40552.24,164.0,295,0.3254237288135593
2019-06-01,6.0,74,42,27,7700.0,27913.39,114.0,295,0.25084745762711863
2019-06-01,7.0,63,40,19,6100.0,21908.19,79.0,295,0.2135593220338983
2019-06-01,8.0,60,27,18,5300.0,21388.63,83.0,295,0.2033898305084746
2019-06-01,9.0,55,34,17,5100.0,20609.12,84.0,295,0.1864406779661017
2019-06-01,10.0,48,29,15,3900.0,26877.699999999997,97.0,295,0.16271186440677965
2019-06-01,11.0,43,25,13,3200.0,19653.52,69.0,295,0.14576271186440679
2019-06-01,12.0,36,19,11,2800.0,12185.470000000001,44.0,295,0.12203389830508475
2019-06-01,13.0,38,22,9,2400.0,14321.66,40.0,295,0.1288135593220339
2019-06-01,14.0,37,22,8,2200.0,16003.49,63.0,295,0.12542372881355932
2019-06-01,15.0,34,16,8,2500.0,13806.65,65.0,295,0.1152542372881356
2019-06-01,16.0,34,17,9,3000.0,16951.91,64.0,295,0.1152542372881356
2019-06-01,17.0,30,15,9,3300.0,7108.98,38.0,295,0.1016949152542373
2019-06-01,18.0,26,13,6,2100.0,8497.07,35.0,295,0.08813559322033898
2019-06-01,19.0,32,17,4,1100.0,8421.7,35.0,295,0.10847457627118644
2019-06-01,20.0,30,13,4,800.0,11567.21,33.0,295,0.1016949152542373
2019-06-01,21.0,32,11,3,600.0,8003.4400000000005,37.0,295,0.10847457627118644
2019-06-01,22.0,28,13,4,1100.0,8272.1,40.0,295,0.09491525423728814
2019-06-01,23.0,32,12,6,1800.0,9156.52,41.0,295,0.10847457627118644
2019-06-01,24.0,38,23,11,4000.0,23167.35,91.0,295,0.1288135593220339
2019-06-01,25.0,38,21,12,3900.0,19881.06,72.0,295,0.1288135593220339
2019-06-01,26.0,39,20,10,2600.0,12775.85,55.0,295,0.13220338983050847
2019-06-01,27.0,32,17,7,2300.0,11071.9,45.0,295,0.10847457627118644
2019-06-01,28.0,43,23,7,2000.0,27988.940000000002,107.0,295,0.14576271186440679
2019-06-01,29.0,42,19,7,2000.0,16878.55,66.0,295,0.1423728813559322
2019-06-01,30.0,39,19,7,2000.0,18387.46,74.0,295,0.13220338983050847
2019-06-01,31.0,37,21,8,2700.0,16775.29,68.0,295,0.12542372881355932
2019-06-01,32.0,43,21,10,3700.0,15909.08,57.0,295,0.14576271186440679
2019-06-01,33.0,38,20,9,4000.0,13777.1,48.0,295,0.1288135593220339
2019-06-01,34.0,33,18,8,4100.0,13110.3,49.0,295,0.11186440677966102
2019-06-01,35.0,35,17,8,3900.0,15142.0,60.0,295,0.11864406779661017
2019-06-01,36.0,34,20,8,3300.0,13099.66,49.0,295,0.1152542372881356
2019-06-01,37.0,40,20,8,3300.0,13099.01,53.0,295,0.13559322033898305
2019-06-01,38.0,40,15,6,2600.0,10925.3,37.0,295,0.13559322033898305
2019-06-01,39.0,37,18,9,4000.0,14452.48,63.0,295,0.12542372881355932
2019-06-01,40.0,36,17,7,2800.0,14536.35,59.0,295,0.12203389830508475
2019-06-01,41.0,30,19,10,2600.0,15138.75,72.0,295,0.1016949152542373
2019-06-01,42.0,36,20,11,3100.0,19704.95,74.0,295,0.12203389830508475
2019-06-01,43.0,37,23,13,3800.0,25148.239999999998,99.0,295,0.12542372881355932
2019-07-01,0.0,355,125,14,3400.0,84905.87,346.0,355,1.0
2019-07-01,1.0,280,108,24,7200.0,79843.83,311.0,355,0.7887323943661971
2019-07-01,2.0,214,87,31,9600.0,78534.65,334.0,355,0.6028169014084507
2019-07-01,3.0,181,81,37,10500.0,61124.16,264.0,355,0.5098591549295775
2019-07-01,4.0,142,69,37,10700.0,74998.07,292.0,355,0.4
2019-07-01,5.0,123,64,32,8700.0,52131.47,214.0,355,0.3464788732394366
2019-07-01,6.0,104,63,31,8600.0,53320.22,204.0,355,0.29295774647887324
2019-07-01,7.0,78,44,28,8000.0,32077.61,124.0,355,0.21971830985915494
2019-07-01,8.0,66,44,27,7100.0,26766.95,112.0,355,0.18591549295774648
2019-07-01,9.0,69,43,22,6100.0,26365.02,103.0,355,0.19436619718309858
2019-07-01,10.0,64,41,22,6100.0,27191.87,106.0,355,0.18028169014084508
2019-07-01,11.0,59,38,24,7100.0,17274.510000000002,78.0,355,0.16619718309859155
2019-07-01,12.0,55,36,21,6200.0,19749.97,79.0,355,0.15492957746478872
2019-07-01,13.0,63,36,20,7100.0,28270.71,118.0,355,0.17746478873239438
2019-07-01,14.0,66,45,25,8400.0,34266.6,128.0,355,0.18591549295774648
2019-07-01,15.0,59,32,19,6100.0,25759.38,99.0,355,0.16619718309859155
2019-07-01,16.0,59,37,15,4500.0,21147.46,82.0,355,0.16619718309859155
2019-07-01,17.0,53,26,12,3300.0,17201.29,76.0,355,0.14929577464788732
2019-07-01,18.0,52,22,11,3400.0,11301.619999999999,48.0,355,0.14647887323943662
2019-07-01,19.0,42,22,9,2700.0,12734.01,53.0,355,0.11830985915492957
2019-07-01,20.0,45,24,9,2700.0,13079.92,50.0,355,0.1267605633802817
2019-07-01,21.0,42,26,8,2500.0,12672.43,50.0,355,0.11830985915492957
2019-07-01,22.0,42,21,10,2900.0,17164.65,69.0,355,0.11830985915492957
2019-07-01,23.0,37,18,11,3100.0,11175.84,44.0,355,0.10422535211267606
2019-07-01,24.0,41,16,10,2900.0,12581.66,51.0,355,0.11549295774647887
2019-07-01,25.0,45,18,11,3100.0,16862.54,63.0,355,0.1267605633802817
2019-07-01,26.0,50,23,10,2900.0,15412.779999999999,65.0,355,0.14084507042253522
2019-07-01,27.0,45,23,10,2900.0,17153.34,62.0,355,0.1267605633802817
2019-07-01,28.0,40,28,10,3200.0,23312.79,105.0,355,0.11267605633802817
2019-07-01,29.0,45,21,9,3000.0,11551.16,49.0,355,0.1267605633802817
2019-07-01,30.0,42,24,10,2900.0,17061.67,69.0,355,0.11830985915492957
2019-07-01,31.0,41,20,10,2900.0,10764.99,49.0,355,0.11549295774647887
2019-07-01,32.0,41,17,7,2000.0,14956.78,38.0,355,0.11549295774647887
2019-07-01,33.0,43,24,10,2900.0,13325.08,52.0,355,0.12112676056338029
2019-07-01,34.0,43,17,10,3200.0,11060.76,41.0,355,0.12112676056338029
2019-07-01,35.0,51,22,6,2100.0,11347.3,53.0,355,0.14366197183098592
2019-07-01,36.0,46,15,6,2100.0,14448.12,48.0,355,0.1295774647887324
2019-07-01,37.0,46,24,8,2500.0,28262.41,97.0,355,0.1295774647887324
2019-07-01,38.0,50,24,11,2800.0,15836.34,64.0,355,0.14084507042253522
2019-07-01,39.0,45,23,13,3500.0,21109.93,80.0,355,0.1267605633802817
2019-07-01,40.0,46,26,14,4200.0,31501.07,120.0,355,0.1295774647887324
2019-07-01,41.0,42,25,13,3700.0,18846.2,75.0,355,0.11830985915492957
2019-07-01,42.0,53,20,10,3100.0,14504.69,59.0,355,0.14929577464788732
2019-08-01,0.0,306,119,25,7300.0,104499.38,410.0,306,1.0
2019-08-01,1.0,235,100,34,10000.0,85706.23,320.0,306,0.7679738562091504
2019-08-01,2.0,192,82,35,9600.0,71727.48,288.0,306,0.6274509803921569
2019-08-01,3.0,147,80,39,10400.0,59454.71,228.0,306,0.4803921568627451
2019-08-01,4.0,111,63,32,8500.0,50762.17,191.0,306,0.3627450980392157
2019-08-01,5.0,90,52,29,7600.0,38351.65,156.0,306,0.29411764705882354
2019-08-01,6.0,71,42,25,7100.0,31801.64,123.0,306,0.23202614379084968
2019-08-01,7.0,62,34,16,4700.0,22270.86,81.0,306,0.20261437908496732
2019-08-01,8.0,52,31,14,4300.0,25427.92,96.0,306,0.16993464052287582
2019-08-01,9.0,49,29,12,3600.0,14600.53,64.0,306,0.16013071895424835
2019-08-01,10.0,43,23,8,2200.0,14936.32,63.0,306,0.14052287581699346
2019-08-01,11.0,43,24,10,2500.0,14174.59,63.0,306,0.14052287581699346
2019-08-01,12.0,44,26,13,2600.0,25560.43,91.0,306,0.1437908496732026
2019-08-01,13.0,47,28,11,2200.0,21138.86,89.0,306,0.15359477124183007
2019-08-01,14.0,43,24,11,2200.0,11641.97,44.0,306,0.14052287581699346
2019-08-01,15.0,38,19,10,2500.0,10473.95,47.0,306,0.12418300653594772
2019-08-01,16.0,29,22,15,3900.0,17648.33,59.0,306,0.09477124183006536
2019-08-01,17.0,30,18,12,3300.0,15981.31,66.0,306,0.09803921568627451
2019-08-01,18.0,30,17,13,3800.0,13724.37,64.0,306,0.09803921568627451
2019-08-01,19.0,33,19,11,3400.0,7583.5,30.0,306,0.10784313725490197
2019-08-01,20.0,26,17,9,2400.0,9248.6,37.0,306,0.08496732026143791
2019-08-01,21.0,26,18,8,2200.0,9605.53,33.0,306,0.08496732026143791
2019-08-01,22.0,30,20,8,2200.0,19479.89,78.0,306,0.09803921568627451
2019-08-01,23.0,32,16,10,2900.0,10802.65,48.0,306,0.10457516339869281
2019-08-01,24.0,32,15,8,2200.0,15196.3,62.0,306,0.10457516339869281
2019-08-01,25.0,34,15,7,2000.0,9508.33,36.0,306,0.1111111111111111
2019-08-01,26.0,31,15,7,2000.0,13227.06,53.0,306,0.10130718954248366
2019-08-01,27.0,33,11,6,2000.0,10309.21,42.0,306,0.10784313725490197
2019-08-01,28.0,36,17,7,2200.0,10478.35,54.0,306,0.11764705882352941
2019-08-01,29.0,27,15,9,2100.0,13210.189999999999,42.0,306,0.08823529411764706
2019-08-01,30.0,31,18,9,2100.0,15508.78,61.0,306,0.10130718954248366
2019-08-01,31.0,34,22,9,2100.0,13356.49,51.0,306,0.1111111111111111
2019-08-01,32.0,37,19,8,1900.0,11092.6,44.0,306,0.12091503267973856
2019-08-01,33.0,42,17,4,800.0,15054.18,46.0,306,0.13725490196078433
2019-08-01,34.0,42,20,5,1000.0,10819.41,46.0,306,0.13725490196078433
2019-08-01,35.0,38,9,6,1500.0,4359.0,19.0,306,0.12418300653594772
2019-08-01,36.0,30,14,7,1700.0,14907.130000000001,62.0,306,0.09803921568627451
2019-08-01,37.0,29,14,6,1500.0,9104.0,29.0,306,0.09477124183006536
2019-08-01,38.0,31,19,5,1300.0,9726.44,42.0,306,0.10130718954248366
2019-08-01,39.0,36,16,6,1500.0,12239.07,46.0,306,0.11764705882352941
2019-08-01,40.0,39,20,5,1600.0,10474.3,48.0,306,0.12745098039215685
2019-08-01,41.0,34,14,5,1900.0,11295.51,52.0,306,0.1111111111111111
2019-09-01,0.0,106,35,4,1400.0,21665.43,97.0,106,1.0
2019-09-01,1.0,85,33,4,1400.0,23090.8,84.0,106,0.8018867924528302
2019-09-01,2.0,60,24,6,2400.0,22707.93,81.0,106,0.5660377358490566
2019-09-01,3.0,45,20,8,3100.0,12873.49,56.0,106,0.42452830188679247
2019-09-01,4.0,37,19,7,2900.0,16358.97,63.0,106,0.3490566037735849
2019-09-01,5.0,32,19,8,3400.0,15224.12,68.0,106,0.3018867924528302
2019-09-01,6.0,26,14,7,2900.0,10272.3,45.0,106,0.24528301886792453
2019-09-01,7.0,26,8,5,2200.0,10913.39,41.0,106,0.24528301886792453
2019-09-01,8.0,21,10,4,1700.0,7953.4400000000005,24.0,106,0.19811320754716982
2019-09-01,9.0,19,10,4,1400.0,10082.42,42.0,106,0.1792452830188679
2019-09-01,10.0,14,9,4,1400.0,5904.16,23.0,106,0.1320754716981132
2019-09-01,11.0,14,7,4,1400.0,2675.75,11.0,106,0.1320754716981132
2019-09-01,12.0,14,4,4,1400.0,2950.74,12.0,106,0.1320754716981132
2019-09-01,13.0,10,7,4,1400.0,4440.73,16.0,106,0.09433962264150944
2019-09-01,14.0,12,8,4,1400.0,2228.0,8.0,106,0.11320754716981132
2019-09-01,15.0,10,4,2,1000.0,4385.9,17.0,106,0.09433962264150944
2019-09-01,16.0,10,5,1,500.0,3128.0,9.0,106,0.09433962264150944
2019-09-01,17.0,10,4,2,1000.0,3983.2,15.0,106,0.09433962264150944
2019-09-01,18.0,11,6,2,1000.0,3929.1,18.0,106,0.10377358490566038
2019-09-01,19.0,11,5,2,700.0,5736.1,21.0,106,0.10377358490566038
2019-09-01,20.0,11,4,2,700.0,873.0,4.0,106,0.10377358490566038
2019-09-01,21.0,12,4,0,0.0,3406.0,10.0,106,0.11320754716981132
2019-09-01,22.0,9,3,1,200.0,2223.16,9.0,106,0.08490566037735849
2019-09-01,23.0,11,3,1,200.0,538.0,4.0,106,0.10377358490566038
2019-09-01,24.0,11,5,1,200.0,3460.55,16.0,106,0.10377358490566038
2019-09-01,25.0,9,3,2,400.0,6080.11,14.0,106,0.08490566037735849
2019-09-01,26.0,9,4,2,400.0,564.0,3.0,106,0.08490566037735849
2019-09-01,27.0,7,6,1,200.0,3121.0,12.0,106,0.0660377358490566
2019-09-01,28.0,11,4,0,0.0,1879.0,9.0,106,0.10377358490566038
2019-09-01,29.0,10,3,0,0.0,1052.0,3.0,106,0.09433962264150944
2019-09-01,30.0,14,3,0,0.0,1034.0,7.0,106,0.1320754716981132
2019-09-01,31.0,13,6,0,0.0,3420.0,15.0,106,0.12264150943396226
2019-09-01,32.0,11,7,1,200.0,4720.63,20.0,106,0.10377358490566038
2019-09-01,33.0,9,3,1,200.0,970.0,5.0,106,0.08490566037735849
2019-09-01,34.0,12,3,1,200.0,3619.5699999999997,14.0,106,0.11320754716981132
2019-09-01,35.0,10,4,2,400.0,2235.9700000000003,12.0,106,0.09433962264150944
2019-09-01,36.0,5,4,1,200.0,1719.0,7.0,106,0.04716981132075472
2019-09-01,37.0,8,4,1,200.0,1328.0,5.0,106,0.07547169811320754
2019-09-01,38.0,9,6,2,400.0,5712.889999999999,25.0,106,0.08490566037735849
2019-09-01,39.0,11,5,1,200.0,5045.7,16.0,106,0.10377358490566038
2019-09-01,40.0,10,3,1,200.0,3048.1099999999997,13.0,106,0.09433962264150944
2019-10-01,0.0,180,53,6,1800.0,46847.92,187.0,180,1.0
2019-10-01,1.0,133,45,10,3200.0,32337.72,140.0,180,0.7388888888888889
2019-10-01,2.0,97,46,15,4200.0,42644.13,174.0,180,0.5388888888888889
2019-10-01,3.0,82,33,14,4000.0,19640.81,70.0,180,0.45555555555555555
2019-10-01,4.0,66,27,10,3200.0,10813.54,48.0,180,0.36666666666666664
2019-10-01,5.0,55,21,11,3400.0,14084.08,62.0,180,0.3055555555555556
2019-10-01,6.0,45,18,10,2900.0,16759.59,79.0,180,0.25
2019-10-01,7.0,39,20,12,3600.0,11735.47,53.0,180,0.21666666666666667
2019-10-01,8.0,30,19,12,3600.0,12853.74,48.0,180,0.16666666666666666
2019-10-01,9.0,28,15,6,1500.0,15462.48,61.0,180,0.15555555555555556
2019-10-01,10.0,29,13,8,2200.0,11199.14,46.0,180,0.16111111111111112
2019-10-01,11.0,26,13,7,2000.0,10281.29,42.0,180,0.14444444444444443
2019-10-01,12.0,21,12,7,2000.0,5149.66,21.0,180,0.11666666666666667
2019-10-01,13.0,19,14,6,1500.0,10150.2,34.0,180,0.10555555555555556
2019-10-01,14.0,17,8,4,1100.0,8418.05,33.0,180,0.09444444444444444
2019-10-01,15.0,17,9,4,1100.0,5747.42,22.0,180,0.09444444444444444
2019-10-01,16.0,18,9,5,1300.0,8236.56,32.0,180,0.1
2019-10-01,17.0,16,5,2,400.0,2868.08,13.0,180,0.08888888888888889
2019-10-01,18.0,14,7,1,700.0,3421.4,20.0,180,0.07777777777777778
2019-10-01,19.0,11,3,2,1200.0,1928.2,8.0,180,0.06111111111111111
2019-10-01,20.0,9,5,3,1400.0,4545.63,16.0,180,0.05
2019-10-01,21.0,12,7,5,2100.0,10763.64,47.0,180,0.06666666666666667
2019-10-01,22.0,14,8,5,1600.0,4243.780000000001,16.0,180,0.07777777777777778
2019-10-01,23.0,13,8,4,1400.0,2442.0,9.0,180,0.07222222222222222
2019-10-01,24.0,18,8,4,1400.0,2103.2799999999997,13.0,180,0.1
2019-10-01,25.0,17,13,4,1400.0,10086.3,34.0,180,0.09444444444444444
2019-10-01,26.0,20,9,3,1200.0,8498.09,28.0,180,0.1111111111111111
2019-10-01,27.0,22,9,4,1700.0,5258.8,22.0,180,0.12222222222222222
2019-10-01,28.0,24,14,3,1200.0,11106.0,32.0,180,0.13333333333333333
2019-10-01,29.0,19,9,3,900.0,7625.88,23.0,180,0.10555555555555556
2019-10-01,30.0,20,12,5,1600.0,11611.28,40.0,180,0.1111111111111111
2019-10-01,31.0,19,11,6,2100.0,9649.3,39.0,180,0.10555555555555556
2019-10-01,32.0,20,13,5,1600.0,15336.439999999999,51.0,180,0.1111111111111111
2019-10-01,33.0,22,9,4,1400.0,2239.81,10.0,180,0.12222222222222222
2019-10-01,34.0,22,9,3,1100.0,6403.14,22.0,180,0.12222222222222222
2019-10-01,35.0,23,13,4,800.0,9902.98,40.0,180,0.12777777777777777
2019-10-01,36.0,23,8,4,1300.0,8071.29,33.0,180,0.12777777777777777
2019-10-01,37.0,24,9,5,1800.0,10087.09,44.0,180,0.13333333333333333
2019-10-01,38.0,23,12,6,1800.0,7479.07,34.0,180,0.12777777777777777
2019-10-01,39.0,22,10,5,1600.0,9075.3,32.0,180,0.12222222222222222
2019-11-01,0.0,142,51,3,600.0,39392.64,142.0,142,1.0
2019-11-01,1.0,106,35,7,1700.0,28028.52,127.0,142,0.7464788732394366
2019-11-01,2.0,86,35,12,3300.0,30014.32,123.0,142,0.6056338028169014
2019-11-01,3.0,75,38,14,3700.0,33774.95,122.0,142,0.528169014084507
2019-11-01,4.0,59,31,15,4700.0,27691.52,126.0,142,0.4154929577464789
2019-11-01,5.0,47,29,15,4200.0,14815.76,54.0,142,0.33098591549295775
2019-11-01,6.0,41,20,11,2800.0,12404.53,47.0,142,0.2887323943661972
2019-11-01,7.0,30,20,9,2400.0,6433.33,33.0,142,0.2112676056338028
2019-11-01,8.0,29,11,6,1800.0,3049.0,14.0,142,0.20422535211267606
2019-11-01,9.0,21,12,5,1600.0,7380.82,25.0,142,0.14788732394366197
2019-11-01,10.0,20,13,5,1600.0,7962.0,21.0,142,0.14084507042253522
2019-11-01,11.0,20,11,6,1800.0,9466.67,38.0,142,0.14084507042253522
2019-11-01,12.0,15,8,6,1800.0,4648.3,21.0,142,0.1056338028169014
2019-11-01,13.0,15,7,5,1600.0,1848.01,10.0,142,0.1056338028169014
2019-11-01,14.0,18,10,5,1300.0,10614.76,37.0,142,0.1267605633802817
2019-11-01,15.0,13,6,3,600.0,6309.73,25.0,142,0.09154929577464789
2019-11-01,16.0,11,6,2,700.0,5502.639999999999,27.0,142,0.07746478873239436
2019-11-01,17.0,14,7,3,900.0,9342.78,34.0,142,0.09859154929577464
2019-11-01,18.0,15,7,4,1100.0,3253.5,14.0,142,0.1056338028169014
2019-11-01,19.0,13,9,5,1300.0,9381.99,39.0,142,0.09154929577464789
2019-11-01,20.0,16,7,4,1100.0,5863.09,22.0,142,0.11267605633802817
2019-11-01,21.0,16,13,6,2100.0,8308.4,41.0,142,0.11267605633802817
2019-11-01,22.0,18,13,8,3600.0,11939.06,52.0,142,0.1267605633802817
2019-11-01,23.0,21,14,10,3500.0,14201.17,61.0,142,0.14788732394366197
2019-11-01,24.0,20,14,7,2600.0,13289.47,59.0,142,0.14084507042253522
2019-11-01,25.0,20,12,7,2600.0,8954.1,34.0,142,0.14084507042253522
2019-11-01,26.0,21,13,6,2100.0,7075.3,32.0,142,0.14788732394366197
2019-11-01,27.0,17,6,4,1400.0,4632.030000000001,17.0,142,0.11971830985915492
2019-11-01,28.0,17,14,6,1800.0,13103.39,45.0,142,0.11971830985915492
2019-11-01,29.0,15,9,5,1300.0,3798.45,15.0,142,0.1056338028169014
2019-11-01,30.0,13,7,3,900.0,4999.18,20.0,142,0.09154929577464789
2019-11-01,31.0,13,8,3,900.0,2679.0,13.0,142,0.09154929577464789
2019-11-01,32.0,17,6,3,900.0,3100.44,11.0,142,0.11971830985915492
2019-11-01,33.0,16,7,4,1900.0,9696.17,38.0,142,0.11267605633802817
2019-11-01,34.0,16,9,5,2400.0,8574.529999999999,42.0,142,0.11267605633802817
2019-11-01,35.0,19,10,5,2400.0,7279.0,27.0,142,0.13380281690140844
2019-11-01,36.0,20,8,4,2200.0,3918.2,16.0,142,0.14084507042253522
2019-11-01,37.0,23,9,4,2000.0,6535.400000000001,36.0,142,0.1619718309859155
2019-11-01,38.0,20,7,4,2000.0,8672.5,28.0,142,0.14084507042253522
2019-12-01,0.0,604,193,36,12300.0,163479.19,620.0,604,1.0
2019-12-01,1.0,475,195,56,18800.0,174552.13,704.0,604,0.7864238410596026
2019-12-01,2.0,364,158,56,18400.0,141602.49,530.0,604,0.6026490066225165
2019-12-01,3.0,294,154,71,22600.0,124556.39,506.0,604,0.4867549668874172
2019-12-01,4.0,245,118,69,22300.0,112627.29,425.0,604,0.4056291390728477
2019-12-01,5.0,197,102,60,19700.0,79215.47,331.0,604,0.326158940397351
2019-12-01,6.0,173,107,58,19100.0,77105.62,306.0,604,0.28642384105960267
2019-12-01,7.0,140,81,47,15500.0,49896.76,202.0,604,0.23178807947019867
2019-12-01,8.0,120,76,43,12800.0,65693.1,243.0,604,0.1986754966887417
2019-12-01,9.0,111,77,43,12800.0,57270.090000000004,210.0,604,0.1837748344370861
2019-12-01,10.0,98,62,40,11300.0,38438.45,174.0,604,0.16225165562913907
2019-12-01,11.0,86,58,37,11000.0,34595.98,155.0,604,0.1423841059602649
2019-12-01,12.0,84,60,36,11600.0,46204.46,195.0,604,0.1390728476821192
2019-12-01,13.0,74,47,30,9300.0,29771.71,129.0,604,0.12251655629139073
2019-12-01,14.0,69,43,26,7800.0,35779.17,126.0,604,0.11423841059602649
2019-12-01,15.0,77,41,21,5700.0,30165.34,108.0,604,0.12748344370860928
2019-12-01,16.0,73,46,21,6300.0,26444.43,112.0,604,0.12086092715231789
2019-12-01,17.0,71,41,20,6100.0,26943.47,103.0,604,0.11754966887417219
2019-12-01,18.0,71,44,19,5300.0,21678.17,81.0,604,0.11754966887417219
2019-12-01,19.0,75,37,17,4600.0,29140.91,110.0,604,0.12417218543046357
2019-12-01,20.0,73,41,19,5300.0,28220.75,118.0,604,0.12086092715231789
2019-12-01,21.0,73,41,19,5000.0,38230.6,140.0,604,0.12086092715231789
2019-12-01,22.0,68,42,23,6400.0,37498.46,149.0,604,0.11258278145695365
2019-12-01,23.0,62,36,20,6200.0,36920.11,152.0,604,0.10264900662251655
2019-12-01,24.0,67,46,19,5800.0,32153.79,121.0,604,0.11092715231788079
2019-12-01,25.0,72,35,19,5800.0,20825.25,81.0,604,0.11920529801324503
2019-12-01,26.0,77,41,18,5900.0,23438.75,93.0,604,0.12748344370860928
2019-12-01,27.0,70,46,18,6000.0,37878.42,143.0,604,0.11589403973509933
2019-12-01,28.0,74,38,22,7400.0,39390.36,158.0,604,0.12251655629139073
2019-12-01,29.0,72,42,21,7100.0,32892.59,133.0,604,0.11920529801324503
2019-12-01,30.0,69,37,17,5600.0,25929.11,120.0,604,0.11423841059602649
2019-12-01,31.0,76,31,17,4900.0,25205.82,93.0,604,0.12582781456953643
2019-12-01,32.0,79,41,16,4700.0,33302.01,133.0,604,0.13079470198675497
2019-12-01,33.0,83,40,18,6000.0,23594.37,91.0,604,0.13741721854304637
2019-12-01,34.0,90,46,19,6200.0,32136.010000000002,132.0,604,0.1490066225165563
2019-12-01,35.0,93,39,15,4500.0,39343.09,146.0,604,0.15397350993377484
2019-12-01,36.0,87,37,17,5200.0,38341.7,156.0,604,0.14403973509933773
2019-12-01,37.0,84,32,15,4500.0,24364.85,91.0,604,0.1390728476821192
2020-01-01,0.0,198,61,6,2100.0,40744.29,176.0,198,1.0
2020-01-01,1.0,145,58,14,5200.0,46912.86,209.0,198,0.7323232323232324
2020-01-01,2.0,120,46,18,5700.0,47722.94,178.0,198,0.6060606060606061
2020-01-01,3.0,89,45,20,5800.0,38321.83,157.0,198,0.4494949494949495
2020-01-01,4.0,70,32,15,4500.0,19546.81,73.0,198,0.35353535353535354
2020-01-01,5.0,60,30,14,4000.0,27590.149999999998,107.0,198,0.30303030303030304
2020-01-01,6.0,53,28,16,4700.0,26638.85,112.0,198,0.2676767676767677
2020-01-01,7.0,43,26,15,4200.0,12251.52,50.0,198,0.21717171717171718
2020-01-01,8.0,38,24,16,3800.0,21311.9,71.0,198,0.1919191919191919
2020-01-01,9.0,26,20,14,3400.0,7467.849999999999,33.0,198,0.13131313131313133
2020-01-01,10.0,29,24,13,3500.0,14494.91,51.0,198,0.14646464646464646
2020-01-01,11.0,29,19,12,3300.0,8626.61,35.0,198,0.14646464646464646
2020-01-01,12.0,25,13,6,1500.0,3956.4,16.0,198,0.12626262626262627
2020-01-01,13.0,22,11,6,1500.0,5871.0,17.0,198,0.1111111111111111
2020-01-01,14.0,16,9,6,1500.0,4874.65,18.0,198,0.08080808080808081
2020-01-01,15.0,21,11,5,1300.0,6777.05,29.0,198,0.10606060606060606
2020-01-01,16.0,18,8,4,1100.0,4488.9400000000005,17.0,198,0.09090909090909091
2020-01-01,17.0,21,10,3,600.0,5609.14,25.0,198,0.10606060606060606
2020-01-01,18.0,22,9,3,600.0,2331.0,12.0,198,0.1111111111111111
2020-01-01,19.0,18,7,2,400.0,3064.0,13.0,198,0.09090909090909091
2020-01-01,20.0,20,9,4,800.0,8664.65,34.0,198,0.10101010101010101
2020-01-01,21.0,28,18,5,1000.0,14944.74,55.0,198,0.1414141414141414
2020-01-01,22.0,30,14,6,1500.0,12627.19,42.0,198,0.15151515151515152
2020-01-01,23.0,31,16,7,2000.0,10977.81,47.0,198,0.15656565656565657
2020-01-01,24.0,29,13,7,2300.0,7734.2,29.0,198,0.14646464646464646
2020-01-01,25.0,29,14,7,2300.0,7056.2300000000005,27.0,198,0.14646464646464646
2020-01-01,26.0,28,13,8,3100.0,8955.21,38.0,198,0.1414141414141414
2020-01-01,27.0,28,20,9,3300.0,16412.89,68.0,198,0.1414141414141414
2020-01-01,28.0,28,17,9,3300.0,8144.42,40.0,198,0.1414141414141414
2020-01-01,29.0,31,15,8,2800.0,11529.79,53.0,198,0.15656565656565657
2020-01-01,30.0,32,19,10,3200.0,15301.5,65.0,198,0.16161616161616163
2020-01-01,31.0,30,15,8,2500.0,8405.04,35.0,198,0.15151515151515152
2020-01-01,32.0,25,14,7,2300.0,9352.22,33.0,198,0.12626262626262627
2020-01-01,33.0,22,15,6,2100.0,10664.79,46.0,198,0.1111111111111111
2020-01-01,34.0,23,14,8,2800.0,11117.119999999999,51.0,198,0.11616161616161616
2020-01-01,35.0,21,13,8,2800.0,7722.71,30.0,198,0.10606060606060606
2020-01-01,36.0,21,9,7,2300.0,7403.45,35.0,198,0.10606060606060606
2020-02-01,0.0,147,51,7,3100.0,42427.82,156.0,147,1.0
2020-02-01,1.0,116,47,20,7200.0,40141.45,165.0,147,0.7891156462585034
2020-02-01,2.0,90,49,20,6600.0,45568.87,194.0,147,0.6122448979591837
2020-02-01,3.0,73,39,23,7200.0,35435.12,153.0,147,0.4965986394557823
2020-02-01,4.0,61,37,21,6000.0,21442.16,74.0,147,0.41496598639455784
2020-02-01,5.0,49,28,15,4200.0,27477.99,99.0,147,0.3333333333333333
2020-02-01,6.0,39,31,17,4900.0,22441.5,83.0,147,0.2653061224489796
2020-02-01,7.0,30,28,15,4500.0,14739.05,59.0,147,0.20408163265306123
2020-02-01,8.0,31,21,14,3700.0,5829.58,29.0,147,0.2108843537414966
2020-02-01,9.0,24,22,13,3500.0,7971.9,39.0,147,0.16326530612244897
2020-02-01,10.0,20,18,11,3300.0,12312.4,54.0,147,0.1360544217687075
2020-02-01,11.0,27,15,13,3700.0,14228.61,69.0,147,0.1836734693877551
2020-02-01,12.0,25,19,13,3200.0,12817.74,52.0,147,0.17006802721088435
2020-02-01,13.0,21,16,11,2500.0,5452.27,24.0,147,0.14285714285714285
2020-02-01,14.0,20,9,7,1700.0,8454.58,36.0,147,0.1360544217687075
2020-02-01,15.0,20,13,8,2200.0,10067.48,33.0,147,0.1360544217687075
2020-02-01,16.0,23,12,7,2000.0,13538.59,65.0,147,0.1564625850340136
2020-02-01,17.0,20,12,8,2200.0,4799.83,23.0,147,0.1360544217687075
2020-02-01,18.0,25,12,10,2600.0,9567.81,42.0,147,0.17006802721088435
2020-02-01,19.0,25,18,11,3400.0,16452.97,73.0,147,0.17006802721088435
2020-02-01,20.0,21,20,10,3200.0,13088.650000000001,57.0,147,0.14285714285714285
2020-02-01,21.0,22,15,9,2700.0,3949.0,15.0,147,0.14965986394557823
2020-02-01,22.0,30,17,6,1800.0,14631.47,49.0,147,0.20408163265306123
2020-02-01,23.0,26,17,11,3400.0,18125.25,76.0,147,0.17687074829931973
2020-02-01,24.0,19,15,9,3000.0,10570.49,35.0,147,0.1292517006802721
2020-02-01,25.0,15,11,6,2100.0,6975.69,24.0,147,0.10204081632653061
2020-02-01,26.0,19,12,6,2100.0,6710.32,29.0,147,0.1292517006802721
2020-02-01,27.0,19,14,4,1400.0,8847.34,31.0,147,0.1292517006802721
2020-02-01,28.0,16,9,4,1700.0,5395.7,17.0,147,0.10884353741496598
2020-02-01,29.0,16,9,4,1700.0,1922.3,14.0,147,0.10884353741496598
2020-02-01,30.0,17,11,4,1700.0,5533.5,24.0,147,0.11564625850340136
2020-02-01,31.0,14,7,3,1200.0,4595.9,20.0,147,0.09523809523809523
2020-02-01,32.0,15,10,3,900.0,3862.37,17.0,147,0.10204081632653061
2020-02-01,33.0,13,7,4,1100.0,5573.53,12.0,147,0.08843537414965986
2020-02-01,34.0,13,7,3,900.0,6940.65,18.0,147,0.08843537414965986
2020-02-01,35.0,15,7,3,900.0,4986.35,20.0,147,0.10204081632653061
2020-03-01,0.0,207,69,13,3500.0,55435.95,233.0,207,1.0
2020-03-01,1.0,156,72,20,5800.0,51929.07,210.0,207,0.7536231884057971
2020-03-01,2.0,108,55,22,7100.0,48520.86,205.0,207,0.5217391304347826
2020-03-01,3.0,90,44,22,7600.0,25880.66,109.0,207,0.43478260869565216
2020-03-01,4.0,78,40,20,7200.0,35168.82,130.0,207,0.37681159420289856
2020-03-01,5.0,59,28,18,6300.0,23638.94,75.0,207,0.28502415458937197
2020-03-01,6.0,54,37,15,5100.0,27366.03,124.0,207,0.2608695652173913
2020-03-01,7.0,41,31,13,4700.0,20808.95,74.0,207,0.19806763285024154
2020-03-01,8.0,34,23,12,4400.0,10453.72,41.0,207,0.1642512077294686
2020-03-01,9.0,33,20,12,4400.0,13146.22,50.0,207,0.15942028985507245
2020-03-01,10.0,30,20,12,4400.0,10198.29,46.0,207,0.14492753623188406
2020-03-01,11.0,27,16,11,3600.0,10305.21,45.0,207,0.13043478260869565
2020-03-01,12.0,29,16,10,3200.0,4341.7,21.0,207,0.14009661835748793
2020-03-01,13.0,25,17,10,3200.0,12157.6,51.0,207,0.12077294685990338
2020-03-01,14.0,24,17,11,3400.0,10422.47,44.0,207,0.11594202898550725
2020-03-01,15.0,22,12,8,2500.0,5631.110000000001,32.0,207,0.10628019323671498
2020-03-01,16.0,22,14,7,2000.0,8259.08,35.0,207,0.10628019323671498
2020-03-01,17.0,24,12,6,2100.0,12104.22,46.0,207,0.11594202898550725
2020-03-01,18.0,26,13,6,2100.0,10525.07,47.0,207,0.12560386473429952
2020-03-01,19.0,22,13,6,2100.0,7588.79,26.0,207,0.10628019323671498
2020-03-01,20.0,20,12,7,2300.0,6835.3099999999995,31.0,207,0.0966183574879227
2020-03-01,21.0,15,10,3,600.0,6289.43,23.0,207,0.07246376811594203
2020-03-01,22.0,16,12,3,600.0,7792.01,28.0,207,0.07729468599033816
2020-03-01,23.0,16,10,4,1100.0,8871.3,31.0,207,0.07729468599033816
2020-03-01,24.0,22,9,5,1300.0,11247.61,44.0,207,0.10628019323671498
2020-03-01,25.0,21,10,5,1300.0,9666.199999999999,40.0,207,0.10144927536231885
2020-03-01,26.0,23,8,4,1100.0,3116.83,14.0,207,0.1111111111111111
2020-03-01,27.0,32,19,6,2100.0,15077.64,58.0,207,0.15458937198067632
2020-03-01,28.0,27,11,6,2100.0,11935.02,46.0,207,0.13043478260869565
2020-03-01,29.0,31,12,8,2500.0,11481.17,47.0,207,0.1497584541062802
2020-03-01,30.0,30,18,6,1800.0,11422.25,43.0,207,0.14492753623188406
2020-03-01,31.0,30,14,7,2500.0,14864.66,61.0,207,0.14492753623188406
2020-03-01,32.0,29,14,8,2700.0,11745.62,50.0,207,0.14009661835748793
2020-03-01,33.0,26,15,7,2600.0,11402.4,51.0,207,0.12560386473429952
2020-03-01,34.0,20,11,8,2800.0,9892.31,38.0,207,0.0966183574879227
2020-04-01,0.0,225,82,18,5400.0,71685.83,280.0,225,1.0
2020-04-01,1.0,163,66,22,6800.0,63284.95,257.0,225,0.7244444444444444
2020-04-01,2.0,130,67,23,7000.0,58042.59,232.0,225,0.5777777777777777
2020-04-01,3.0,106,62,27,9000.0,40023.82,169.0,225,0.4711111111111111
2020-04-01,4.0,75,41,23,7800.0,31186.38,128.0,225,0.3333333333333333
2020-04-01,5.0,64,40,25,7700.0,37541.37,147.0,225,0.28444444444444444
2020-04-01,6.0,62,37,22,6800.0,27172.19,115.0,225,0.27555555555555555
2020-04-01,7.0,45,25,15,4800.0,18888.34,70.0,225,0.2
2020-04-01,8.0,36,18,11,4000.0,11441.7,53.0,225,0.16
2020-04-01,9.0,31,20,12,4200.0,15327.5,58.0,225,0.13777777777777778
2020-04-01,10.0,32,15,11,3400.0,8956.83,36.0,225,0.14222222222222222
2020-04-01,11.0,29,20,11,3400.0,6947.0599999999995,33.0,225,0.1288888888888889
2020-04-01,12.0,26,20,9,2700.0,10610.0,34.0,225,0.11555555555555555
2020-04-01,13.0,28,17,5,1600.0,13493.77,53.0,225,0.12444444444444444
2020-04-01,14.0,33,18,7,2300.0,19416.65,62.0,225,0.14666666666666667
2020-04-01,15.0,35,16,7,2000.0,15473.74,64.0,225,0.15555555555555556
2020-04-01,16.0,28,17,6,1500.0,12692.74,52.0,225,0.12444444444444444
2020-04-01,17.0,30,13,5,1500.0,13062.57,56.0,225,0.13333333333333333
2020-04-01,18.0,25,12,4,800.0,12326.7,38.0,225,0.1111111111111111
2020-04-01,19.0,25,8,5,1000.0,3473.0299999999997,17.0,225,0.1111111111111111
2020-04-01,20.0,29,13,5,1000.0,11415.04,44.0,225,0.1288888888888889
2020-04-01,21.0,26,7,3,600.0,2918.0,10.0,225,0.11555555555555555
2020-04-01,22.0,23,14,5,1300.0,10771.59,44.0,225,0.10222222222222223
2020-04-01,23.0,18,11,4,1100.0,5102.0,19.0,225,0.08
2020-04-01,24.0,28,13,3,600.0,9947.19,37.0,225,0.12444444444444444
2020-04-01,25.0,33,8,3,600.0,6318.389999999999,25.0,225,0.14666666666666667
2020-04-01,26.0,30,12,3,600.0,10903.8,36.0,225,0.13333333333333333
2020-04-01,27.0,35,9,3,600.0,4689.3,24.0,225,0.15555555555555556
2020-04-01,28.0,38,20,5,1300.0,23449.62,85.0,225,0.1688888888888889
2020-04-01,29.0,36,19,8,2200.0,15427.41,68.0,225,0.16
2020-04-01,30.0,41,21,9,2700.0,19221.47,71.0,225,0.18222222222222223
2020-04-01,31.0,34,17,7,2300.0,11179.710000000001,52.0,225,0.1511111111111111
2020-04-01,32.0,34,17,8,2200.0,14245.5,56.0,225,0.1511111111111111
2020-04-01,33.0,31,16,8,2500.0,13299.869999999999,58.0,225,0.13777777777777778
2020-05-01,0.0,164,53,5,1000.0,43296.38,160.0,164,1.0
2020-05-01,1.0,132,44,9,3200.0,37413.29,149.0,164,0.8048780487804879
2020-05-01,2.0,105,33,9,3200.0,24672.88,94.0,164,0.6402439024390244
2020-05-01,3.0,83,37,13,4600.0,31374.55,132.0,164,0.5060975609756098
2020-05-01,4.0,60,28,11,4500.0,15344.26,69.0,164,0.36585365853658536
2020-05-01,5.0,43,22,6,2600.0,15876.79,66.0,164,0.2621951219512195
2020-05-01,6.0,36,19,7,2800.0,14741.44,56.0,164,0.21951219512195122
2020-05-01,7.0,40,16,7,2300.0,15066.98,58.0,164,0.24390243902439024
2020-05-01,8.0,41,28,8,2800.0,18889.26,79.0,164,0.25
2020-05-01,9.0,28,16,8,2800.0,9092.119999999999,38.0,164,0.17073170731707318
2020-05-01,10.0,27,21,6,1500.0,13964.94,58.0,164,0.16463414634146342
2020-05-01,11.0,26,13,5,1800.0,10735.77,45.0,164,0.15853658536585366
2020-05-01,12.0,25,13,8,2700.0,10139.79,40.0,164,0.1524390243902439
2020-05-01,13.0,21,15,7,2000.0,8453.25,33.0,164,0.12804878048780488
2020-05-01,14.0,18,12,5,1600.0,5446.58,29.0,164,0.10975609756097561
2020-05-01,15.0,19,12,4,1100.0,4075.0,19.0,164,0.11585365853658537
2020-05-01,16.0,17,8,3,600.0,4102.65,20.0,164,0.10365853658536585
2020-05-01,17.0,18,10,5,1300.0,9560.529999999999,33.0,164,0.10975609756097561
2020-05-01,18.0,14,11,5,1300.0,5396.13,26.0,164,0.08536585365853659
2020-05-01,19.0,21,12,5,1300.0,5405.0,20.0,164,0.12804878048780488
2020-05-01,20.0,16,5,4,1100.0,1464.0,4.0,164,0.0975609756097561
2020-05-01,21.0,17,5,3,600.0,2543.1400000000003,9.0,164,0.10365853658536585
2020-05-01,22.0,13,5,3,600.0,4611.6,17.0,164,0.07926829268292683
2020-05-01,23.0,12,5,3,600.0,2008.62,8.0,164,0.07317073170731707
2020-05-01,24.0,14,6,2,400.0,695.71,5.0,164,0.08536585365853659
2020-05-01,25.0,17,10,3,900.0,13002.12,49.0,164,0.10365853658536585
2020-05-01,26.0,17,8,4,1100.0,9119.8,36.0,164,0.10365853658536585
2020-05-01,27.0,17,10,3,900.0,3636.6,16.0,164,0.10365853658536585
2020-05-01,28.0,17,10,3,900.0,6489.5,26.0,164,0.10365853658536585
2020-05-01,29.0,18,10,4,1400.0,6386.32,36.0,164,0.10975609756097561
2020-05-01,30.0,19,14,7,2300.0,14247.28,54.0,164,0.11585365853658537
2020-05-01,31.0,22,12,7,2200.0,9013.59,37.0,164,0.13414634146341464
2020-05-01,32.0,17,8,4,800.0,2540.99,15.0,164,0.10365853658536585
2020-06-01,0.0,262,103,9,2100.0,76704.66,319.0,262,1.0
2020-06-01,1.0,193,67,23,6100.0,56144.61,204.0,262,0.7366412213740458
2020-06-01,2.0,157,70,29,8500.0,68196.66,252.0,262,0.5992366412213741
2020-06-01,3.0,121,54,27,7900.0,52824.82,202.0,262,0.4618320610687023
2020-06-01,4.0,106,65,27,6600.0,53111.05,191.0,262,0.40458015267175573
2020-06-01,5.0,87,46,23,5200.0,30387.55,128.0,262,0.3320610687022901
2020-06-01,6.0,74,51,19,4100.0,36731.55,122.0,262,0.2824427480916031
2020-06-01,7.0,71,43,21,4800.0,31041.809999999998,115.0,262,0.27099236641221375
2020-06-01,8.0,57,39,19,4100.0,37647.87,136.0,262,0.21755725190839695
2020-06-01,9.0,49,32,17,3700.0,22043.82,79.0,262,0.18702290076335878
2020-06-01,10.0,44,29,15,3300.0,15896.67,69.0,262,0.16793893129770993
2020-06-01,11.0,38,20,12,2400.0,7482.2,32.0,262,0.1450381679389313
2020-06-01,12.0,43,21,8,1600.0,16332.65,62.0,262,0.16412213740458015
2020-06-01,13.0,44,18,9,1800.0,15624.85,63.0,262,0.16793893129770993
2020-06-01,14.0,39,17,10,2000.0,7870.5,31.0,262,0.14885496183206107
2020-06-01,15.0,42,16,6,1200.0,12227.25,48.0,262,0.16030534351145037
2020-06-01,16.0,44,26,9,2600.0,21663.76,83.0,262,0.16793893129770993
2020-06-01,17.0,42,14,9,2600.0,13688.89,48.0,262,0.16030534351145037
2020-06-01,18.0,37,18,8,1900.0,19138.43,75.0,262,0.14122137404580154
2020-06-01,19.0,28,12,7,1700.0,7873.53,17.0,262,0.10687022900763359
2020-06-01,20.0,23,9,4,800.0,8435.67,34.0,262,0.08778625954198473
2020-06-01,21.0,25,13,5,1000.0,10442.03,44.0,262,0.09541984732824428
2020-06-01,22.0,31,14,5,1000.0,10439.45,47.0,262,0.1183206106870229
2020-06-01,23.0,30,8,3,600.0,7776.21,30.0,262,0.11450381679389313
2020-06-01,24.0,24,9,5,1000.0,11095.12,40.0,262,0.0916030534351145
2020-06-01,25.0,26,10,5,1000.0,7302.0599999999995,28.0,262,0.09923664122137404
2020-06-01,26.0,26,10,3,600.0,4590.0,17.0,262,0.09923664122137404
2020-06-01,27.0,25,12,6,1200.0,12254.92,49.0,262,0.09541984732824428
2020-06-01,28.0,28,12,6,1200.0,9752.5,20.0,262,0.10687022900763359
2020-06-01,29.0,28,12,6,1200.0,4699.02,21.0,262,0.10687022900763359
2020-06-01,30.0,28,15,9,2100.0,10224.67,37.0,262,0.10687022900763359
2020-06-01,31.0,26,12,8,1900.0,9912.91,40.0,262,0.09923664122137404
2020-07-01,0.0,369,124,13,3800.0,94984.38,386.0,369,1.0
2020-07-01,1.0,286,116,31,9800.0,99763.87,397.0,369,0.7750677506775068
2020-07-01,2.0,228,101,38,10500.0,77748.75,332.0,369,0.6178861788617886
2020-07-01,3.0,174,78,37,11100.0,73362.56,292.0,369,0.4715447154471545
2020-07-01,4.0,151,75,38,12200.0,45415.61,194.0,369,0.4092140921409214
2020-07-01,5.0,120,61,29,9200.0,46764.11,185.0,369,0.3252032520325203
2020-07-01,6.0,83,45,26,8600.0,30155.04,123.0,369,0.22493224932249323
2020-07-01,7.0,68,37,20,5700.0,20455.84,86.0,369,0.1842818428184282
2020-07-01,8.0,56,29,16,4600.0,17632.08,78.0,369,0.15176151761517614
2020-07-01,9.0,50,30,19,5000.0,20224.58,73.0,369,0.13550135501355012
2020-07-01,10.0,50,37,19,4700.0,26138.6,103.0,369,0.13550135501355012
2020-07-01,11.0,52,28,16,4100.0,25063.260000000002,90.0,369,0.14092140921409213
2020-07-01,12.0,54,26,14,3900.0,16746.86,79.0,369,0.14634146341463414
2020-07-01,13.0,54,30,16,4400.0,35018.28,118.0,369,0.14634146341463414
2020-07-01,14.0,47,30,18,6200.0,29671.24,111.0,369,0.12737127371273713
2020-07-01,15.0,45,29,16,5800.0,21848.57,86.0,369,0.12195121951219512
2020-07-01,16.0,45,27,15,5300.0,20776.95,71.0,369,0.12195121951219512
2020-07-01,17.0,44,25,13,4900.0,13343.27,59.0,369,0.11924119241192412
2020-07-01,18.0,34,17,10,3200.0,8511.1,42.0,369,0.0921409214092141
2020-07-01,19.0,33,24,9,3300.0,15298.560000000001,53.0,369,0.08943089430894309
2020-07-01,20.0,38,18,9,3300.0,6191.12,33.0,369,0.10298102981029811
2020-07-01,21.0,41,19,6,1800.0,15183.04,49.0,369,0.1111111111111111
2020-07-01,22.0,44,21,6,1800.0,17241.97,69.0,369,0.11924119241192412
2020-07-01,23.0,46,21,8,2500.0,18634.9,81.0,369,0.12466124661246612
2020-07-01,24.0,48,23,8,2800.0,18428.5,72.0,369,0.13008130081300814
2020-07-01,25.0,46,24,11,3700.0,9016.07,53.0,369,0.12466124661246612
2020-07-01,26.0,45,24,15,5400.0,17621.08,83.0,369,0.12195121951219512
2020-07-01,27.0,43,26,15,5700.0,22518.47,81.0,369,0.11653116531165311
2020-07-01,28.0,42,28,13,5000.0,21777.43,81.0,369,0.11382113821138211
2020-07-01,29.0,42,20,11,4300.0,12861.08,36.0,369,0.11382113821138211
2020-07-01,30.0,39,17,6,2400.0,14133.72,48.0,369,0.10569105691056911
2020-08-01,0.0,304,99,11,4300.0,73655.04,285.0,304,1.0
2020-08-01,1.0,229,89,20,7200.0,75885.59,275.0,304,0.7532894736842105
2020-08-01,2.0,179,74,27,8600.0,50628.2,208.0,304,0.5888157894736842
2020-08-01,3.0,137,68,27,8100.0,49857.69,189.0,304,0.4506578947368421
2020-08-01,4.0,112,50,23,6400.0,37862.42,155.0,304,0.3684210526315789
2020-08-01,5.0,87,51,20,5800.0,29381.72,128.0,304,0.28618421052631576
2020-08-01,6.0,70,44,21,6600.0,34675.93,142.0,304,0.23026315789473684
2020-08-01,7.0,52,33,26,8400.0,26323.07,108.0,304,0.17105263157894737
2020-08-01,8.0,49,32,21,6500.0,29945.23,128.0,304,0.1611842105263158
2020-08-01,9.0,52,28,15,4200.0,20194.45,91.0,304,0.17105263157894737
2020-08-01,10.0,51,25,12,3300.0,15301.32,58.0,304,0.16776315789473684
2020-08-01,11.0,47,20,12,3300.0,13327.58,55.0,304,0.15460526315789475
2020-08-01,12.0,45,27,16,5200.0,25945.89,105.0,304,0.14802631578947367
2020-08-01,13.0,38,29,17,5900.0,20741.09,68.0,304,0.125
2020-08-01,14.0,38,22,13,4000.0,12768.44,56.0,304,0.125
2020-08-01,15.0,35,18,10,2900.0,10783.02,37.0,304,0.11513157894736842
2020-08-01,16.0,31,19,7,2300.0,8815.21,39.0,304,0.10197368421052631
2020-08-01,17.0,28,22,11,3100.0,18042.62,63.0,304,0.09210526315789473
2020-08-01,18.0,24,22,10,2600.0,9634.52,36.0,304,0.07894736842105263
2020-08-01,19.0,22,16,10,2900.0,9326.47,42.0,304,0.07236842105263158
2020-08-01,20.0,29,19,11,3100.0,10563.35,43.0,304,0.09539473684210527
2020-08-01,21.0,33,18,11,3400.0,12332.41,61.0,304,0.10855263157894737
2020-08-01,22.0,31,23,11,3700.0,13986.02,50.0,304,0.10197368421052631
2020-08-01,23.0,36,17,10,3200.0,13746.539999999999,50.0,304,0.11842105263157894
2020-08-01,24.0,39,19,8,3100.0,15884.24,58.0,304,0.12828947368421054
2020-08-01,25.0,37,20,6,2400.0,14990.86,63.0,304,0.12171052631578948
2020-08-01,26.0,34,20,7,2300.0,21498.579999999998,90.0,304,0.1118421052631579
2020-08-01,27.0,32,18,10,3500.0,16749.3,83.0,304,0.10526315789473684
2020-08-01,28.0,32,19,12,4200.0,16394.13,63.0,304,0.10526315789473684
2020-08-01,29.0,28,20,14,4600.0,10880.9,49.0,304,0.09210526315789473
2020-09-01,0.0,714,283,32,9100.0,229489.61,876.0,714,1.0
2020-09-01,1.0,552,234,62,17800.0,188176.79,741.0,714,0.773109243697479
2020-09-01,2.0,436,200,74,22200.0,170055.33,645.0,714,0.6106442577030813
2020-09-01,3.0,356,173,77,24400.0,135661.25,495.0,714,0.49859943977591037
2020-09-01,4.0,286,148,66,20800.0,116934.86,446.0,714,0.4005602240896359
2020-09-01,5.0,236,116,65,20800.0,104202.23999999999,407.0,714,0.33053221288515405
2020-09-01,6.0,193,113,67,21300.0,78472.33,316.0,714,0.2703081232492997
2020-09-01,7.0,176,100,64,18900.0,87387.49,350.0,714,0.24649859943977592
2020-09-01,8.0,151,83,55,17800.0,54107.11,236.0,714,0.211484593837535
2020-09-01,9.0,132,77,44,14100.0,58082.9,219.0,714,0.18487394957983194
2020-09-01,10.0,118,70,41,12700.0,50821.53,200.0,714,0.16526610644257703
2020-09-01,11.0,101,63,40,11900.0,30218.02,117.0,714,0.14145658263305322
2020-09-01,12.0,85,58,31,8900.0,39254.02,155.0,714,0.11904761904761904
2020-09-01,13.0,85,55,33,8900.0,37363.44,151.0,714,0.11904761904761904
2020-09-01,14.0,84,50,32,9000.0,26228.2,111.0,714,0.11764705882352941
2020-09-01,15.0,84,49,22,6100.0,28710.39,121.0,714,0.11764705882352941
2020-09-01,16.0,80,49,21,5600.0,28615.92,98.0,714,0.11204481792717087
2020-09-01,17.0,72,39,22,6100.0,27270.02,121.0,714,0.10084033613445378
2020-09-01,18.0,73,49,23,6000.0,31892.62,130.0,714,0.10224089635854341
2020-09-01,19.0,77,49,23,6300.0,38568.08,140.0,714,0.10784313725490197
2020-09-01,20.0,70,40,20,5500.0,31755.73,115.0,714,0.09803921568627451
2020-09-01,21.0,76,42,16,4700.0,26599.34,103.0,714,0.10644257703081232
2020-09-01,22.0,80,36,17,5800.0,38850.590000000004,140.0,714,0.11204481792717087
2020-09-01,23.0,86,44,16,5600.0,36250.65,133.0,714,0.12044817927170869
2020-09-01,24.0,76,44,16,5300.0,24140.89,103.0,714,0.10644257703081232
2020-09-01,25.0,84,42,17,5500.0,30706.41,111.0,714,0.11764705882352941
2020-09-01,26.0,82,46,18,5900.0,35470.03,136.0,714,0.11484593837535013
2020-09-01,27.0,86,37,17,5100.0,27539.600000000002,111.0,714,0.12044817927170869
2020-09-01,28.0,95,52,21,5900.0,42195.65,171.0,714,0.1330532212885154
2020-10-01,0.0,201,68,9,2100.0,44019.99,178.0,201,1.0
2020-10-01,1.0,156,57,17,4600.0,52835.3,214.0,201,0.7761194029850746
2020-10-01,2.0,119,62,22,6500.0,44743.87,186.0,201,0.5920398009950248
2020-10-01,3.0,91,47,23,6400.0,31494.1,133.0,201,0.4527363184079602
2020-10-01,4.0,77,52,26,7500.0,43463.18,183.0,201,0.38308457711442784
2020-10-01,5.0,70,37,26,7800.0,35316.57,146.0,201,0.3482587064676617
2020-10-01,6.0,51,29,22,6100.0,35041.74,133.0,201,0.2537313432835821
2020-10-01,7.0,49,30,22,6300.0,22406.18,86.0,201,0.24378109452736318
2020-10-01,8.0,40,21,17,4600.0,13703.44,54.0,201,0.19900497512437812
2020-10-01,9.0,38,18,12,3300.0,16695.370000000003,66.0,201,0.1890547263681592
2020-10-01,10.0,32,13,10,2300.0,12951.64,41.0,201,0.15920398009950248
2020-10-01,11.0,27,19,10,2600.0,15503.710000000001,60.0,201,0.13432835820895522
2020-10-01,12.0,22,19,13,3800.0,22331.55,82.0,201,0.10945273631840796
2020-10-01,13.0,21,20,12,3600.0,4613.45,19.0,201,0.1044776119402985
2020-10-01,14.0,26,14,6,1500.0,6242.1,29.0,201,0.12935323383084577
2020-10-01,15.0,28,13,6,1500.0,7957.58,32.0,201,0.13930348258706468
2020-10-01,16.0,26,12,5,1600.0,19182.55,63.0,201,0.12935323383084577
2020-10-01,17.0,27,13,5,1600.0,11199.25,53.0,201,0.13432835820895522
2020-10-01,18.0,28,18,5,1600.0,19416.94,72.0,201,0.13930348258706468
2020-10-01,19.0,28,14,5,1600.0,9376.84,33.0,201,0.13930348258706468
2020-10-01,20.0,30,17,4,1100.0,15919.62,67.0,201,0.14925373134328357
2020-10-01,21.0,34,16,6,1800.0,16804.41,72.0,201,0.1691542288557214
2020-10-01,22.0,32,11,5,1300.0,8276.72,33.0,201,0.15920398009950248
2020-10-01,23.0,24,9,4,1100.0,7587.49,28.0,201,0.11940298507462686
2020-10-01,24.0,29,15,8,2500.0,12176.23,46.0,201,0.14427860696517414
2020-10-01,25.0,27,11,6,2100.0,11539.15,45.0,201,0.13432835820895522
2020-10-01,26.0,27,10,5,1900.0,9201.76,40.0,201,0.13432835820895522
2020-10-01,27.0,28,14,7,2600.0,10127.720000000001,42.0,201,0.13930348258706468
2020-11-01,0.0,1679,609,92,27000.0,504943.8,1974.0,1679,1.0
2020-11-01,1.0,1281,492,144,44800.0,426540.52,1693.0,1679,0.7629541393686718
2020-11-01,2.0,965,445,170,53400.0,357078.05,1436.0,1679,0.574746873138773
2020-11-01,3.0,782,377,191,60600.0,317827.6,1262.0,1679,0.4657534246575342
2020-11-01,4.0,628,330,172,55900.0,250789.09,969.0,1679,0.37403216200119116
2020-11-01,5.0,527,312,159,48800.0,220661.23,888.0,1679,0.3138773079213818
2020-11-01,6.0,448,275,159,45900.0,204286.69,810.0,1679,0.2668254913639071
2020-11-01,7.0,368,235,143,40600.0,153464.56,618.0,1679,0.2191780821917808
2020-11-01,8.0,329,216,116,31900.0,120122.45,485.0,1679,0.19594997022036928
2020-11-01,9.0,284,187,116,33000.0,112514.89,469.0,1679,0.16914830256104824
2020-11-01,10.0,264,172,109,32200.0,118311.06,479.0,1679,0.15723645026801666
2020-11-01,11.0,232,171,116,35000.0,108804.6,455.0,1679,0.13817748659916618
2020-11-01,12.0,210,163,104,31200.0,104586.56,421.0,1679,0.12507444907683143
2020-11-01,13.0,220,143,85,24800.0,90103.03,351.0,1679,0.13103037522334723
2020-11-01,14.0,212,149,80,23600.0,95623.8,385.0,1679,0.1262656343061346
2020-11-01,15.0,216,121,69,19700.0,82189.04,325.0,1679,0.12864800476474092
2020-11-01,16.0,200,106,60,17600.0,69766.33,303.0,1679,0.11911852293031566
2020-11-01,17.0,201,108,52,15600.0,64853.520000000004,268.0,1679,0.11971411554496725
2020-11-01,18.0,205,113,53,16100.0,73486.5,277.0,1679,0.12209648600357356
2020-11-01,19.0,197,86,46,13100.0,61376.66,255.0,1679,0.11733174508636093
2020-11-01,20.0,195,87,42,12200.0,58229.01,237.0,1679,0.11614055985705778
2020-11-01,21.0,179,91,42,12200.0,57621.64,237.0,1679,0.10661107802263252
2020-11-01,22.0,178,99,50,14300.0,86529.09,331.0,1679,0.10601548540798095
2020-11-01,23.0,188,103,49,13300.0,68849.33,275.0,1679,0.11197141155449672
2020-11-01,24.0,192,95,50,12400.0,69833.66,255.0,1679,0.11435378201310303
2020-11-01,25.0,185,93,44,10300.0,66103.97,257.0,1679,0.11018463371054199
2020-11-01,26.0,185,100,39,9300.0,64387.64,261.0,1679,0.11018463371054199
2020-12-01,0.0,75,26,3,600.0,20009.28,89.0,75,1.0
2020-12-01,1.0,63,28,6,1800.0,19946.760000000002,70.0,75,0.84
2020-12-01,2.0,49,25,5,1900.0,19007.02,73.0,75,0.6533333333333333
2020-12-01,3.0,44,23,8,2500.0,20896.77,88.0,75,0.5866666666666667
2020-12-01,4.0,36,19,7,2300.0,7840.01,32.0,75,0.48
2020-12-01,5.0,29,19,6,1500.0,13944.81,58.0,75,0.38666666666666666
2020-12-01,6.0,22,13,6,1200.0,7492.23,30.0,75,0.29333333333333333
2020-12-01,7.0,19,13,5,1000.0,9381.27,35.0,75,0.25333333333333335
2020-12-01,8.0,17,9,5,1000.0,8624.23,27.0,75,0.22666666666666666
2020-12-01,9.0,16,8,4,800.0,6647.23,27.0,75,0.21333333333333335
2020-12-01,10.0,18,8,3,600.0,6499.18,37.0,75,0.24
2020-12-01,11.0,12,5,3,600.0,2768.23,13.0,75,0.16
2020-12-01,12.0,9,3,1,200.0,805.3,4.0,75,0.12
2020-12-01,13.0,8,1,1,200.0,0.0,0.0,75,0.10666666666666667
2020-12-01,14.0,7,4,0,0.0,1392.0,8.0,75,0.09333333333333334
2020-12-01,15.0,8,0,0,0.0,0.0,0.0,75,0.10666666666666667
2020-12-01,16.0,8,1,0,0.0,577.0,4.0,75,0.10666666666666667
2020-12-01,17.0,7,2,0,0.0,1217.0,5.0,75,0.09333333333333334
2020-12-01,18.0,9,4,0,0.0,3218.0,12.0,75,0.12
2020-12-01,19.0,10,4,1,200.0,5617.78,20.0,75,0.13333333333333333
2020-12-01,20.0,9,6,1,200.0,3100.0,12.0,75,0.12
2020-12-01,21.0,7,1,0,0.0,266.0,2.0,75,0.09333333333333334
2020-12-01,22.0,10,5,2,700.0,8156.530000000001,33.0,75,0.13333333333333333
2020-12-01,23.0,10,3,3,900.0,3214.52,17.0,75,0.13333333333333333
2020-12-01,24.0,7,4,4,1100.0,1041.78,8.0,75,0.09333333333333334
2020-12-01,25.0,8,6,3,900.0,1543.0,5.0,75,0.10666666666666667
2021-01-01,0.0,203,87,13,3200.0,65963.47,267.0,203,1.0
2021-01-01,1.0,160,65,20,5100.0,47788.42,194.0,203,0.7881773399014779
2021-01-01,2.0,120,50,23,6100.0,43874.92,182.0,203,0.5911330049261084
2021-01-01,3.0,99,43,21,5700.0,31176.72,128.0,203,0.4876847290640394
2021-01-01,4.0,85,32,14,3700.0,33347.01,125.0,203,0.4187192118226601
2021-01-01,5.0,62,35,17,4600.0,31785.64,129.0,203,0.3054187192118227
2021-01-01,6.0,55,35,21,6200.0,36638.13,139.0,203,0.270935960591133
2021-01-01,7.0,47,21,16,5200.0,9884.09,41.0,203,0.2315270935960591
2021-01-01,8.0,42,23,12,3900.0,18506.55,75.0,203,0.20689655172413793
2021-01-01,9.0,36,18,10,3200.0,15454.630000000001,64.0,203,0.17733990147783252
2021-01-01,10.0,33,22,11,3700.0,20001.59,88.0,203,0.1625615763546798
2021-01-01,11.0,29,20,13,4400.0,19496.43,79.0,203,0.14285714285714285
2021-01-01,12.0,25,20,12,3600.0,14413.7,57.0,203,0.12315270935960591
2021-01-01,13.0,28,20,11,3400.0,17127.49,80.0,203,0.13793103448275862
2021-01-01,14.0,28,19,11,3400.0,11946.019999999999,55.0,203,0.13793103448275862
2021-01-01,15.0,33,18,7,1700.0,12843.4,53.0,203,0.1625615763546798
2021-01-01,16.0,28,11,5,1300.0,9114.89,29.0,203,0.13793103448275862
2021-01-01,17.0,26,9,6,1800.0,9914.53,39.0,203,0.12807881773399016
2021-01-01,18.0,27,16,7,2300.0,20309.870000000003,78.0,203,0.1330049261083744
2021-01-01,19.0,24,15,9,2700.0,13518.45,57.0,203,0.11822660098522167
2021-01-01,20.0,27,20,7,1700.0,15307.06,56.0,203,0.1330049261083744
2021-01-01,21.0,26,13,6,1400.0,8603.07,32.0,203,0.12807881773399016
2021-01-01,22.0,22,11,5,1000.0,4879.1,18.0,203,0.10837438423645321
2021-01-01,23.0,20,9,4,1300.0,5197.4,23.0,203,0.09852216748768473
2021-01-01,24.0,21,10,2,900.0,4844.3,21.0,203,0.10344827586206896
2021-02-01,0.0,1884,686,89,27700.0,528605.62,2075.0,1884,1.0
2021-02-01,1.0,1457,562,156,47600.0,466711.02,1872.0,1884,0.7733545647558386
2021-02-01,2.0,1120,488,167,52300.0,383463.64,1539.0,1884,0.5944798301486199
2021-02-01,3.0,884,434,189,59900.0,340038.57,1360.0,1884,0.4692144373673036
2021-02-01,4.0,684,360,174,53500.0,273229.09,1103.0,1884,0.3630573248407643
2021-02-01,5.0,575,350,169,51900.0,275826.77999999997,1046.0,1884,0.3052016985138004
2021-02-01,6.0,464,293,179,55400.0,215609.21,823.0,1884,0.24628450106157113
2021-02-01,7.0,390,260,156,47700.0,185233.12,750.0,1884,0.2070063694267516
2021-02-01,8.0,327,220,141,43500.0,142218.54,565.0,1884,0.1735668789808917
2021-02-01,9.0,266,188,126,38100.0,109621.84,431.0,1884,0.14118895966029724
2021-02-01,10.0,243,182,113,32800.0,104637.2,419.0,1884,0.12898089171974522
2021-02-01,11.0,241,165,104,30500.0,92937.24,392.0,1884,0.12791932059447983
2021-02-01,12.0,236,149,92,27100.0,85048.09,351.0,1884,0.12526539278131635
2021-02-01,13.0,227,136,80,22500.0,81249.8,292.0,1884,0.12048832271762208
2021-02-01,14.0,215,135,73,21600.0,95364.24,386.0,1884,0.11411889596602973
2021-02-01,15.0,227,136,73,20500.0,98270.73,397.0,1884,0.12048832271762208
2021-02-01,16.0,217,115,66,18100.0,75974.05,336.0,1884,0.11518046709129512
2021-02-01,17.0,220,119,61,17300.0,88831.84,350.0,1884,0.11677282377919321
2021-02-01,18.0,217,111,58,16100.0,91893.49,332.0,1884,0.11518046709129512
2021-02-01,19.0,219,107,44,12400.0,63870.55,273.0,1884,0.11624203821656051
2021-02-01,20.0,210,107,47,14200.0,74929.15,294.0,1884,0.11146496815286625
2021-02-01,21.0,233,114,50,15600.0,87791.45,349.0,1884,0.12367303609341826
2021-02-01,22.0,224,104,52,14900.0,93385.7,366.0,1884,0.11889596602972399
2021-02-01,23.0,209,113,56,16900.0,88566.56,337.0,1884,0.11093418259023355
2021-03-01,0.0,190,67,8,2500.0,48798.36,196.0,190,1.0
2021-03-01,1.0,133,48,14,4700.0,46485.52,179.0,190,0.7
2021-03-01,2.0,96,43,16,5100.0,34160.229999999996,134.0,190,0.5052631578947369
2021-03-01,3.0,71,38,20,5700.0,27779.63,107.0,190,0.3736842105263158
2021-03-01,4.0,66,40,19,5300.0,25552.25,108.0,190,0.3473684210526316
2021-03-01,5.0,58,31,16,4400.0,15323.82,68.0,190,0.30526315789473685
2021-03-01,6.0,50,33,17,4900.0,22251.64,93.0,190,0.2631578947368421
2021-03-01,7.0,44,30,18,5100.0,21661.46,92.0,190,0.23157894736842105
2021-03-01,8.0,35,31,15,4500.0,21665.32,84.0,190,0.18421052631578946
2021-03-01,9.0,29,24,14,4000.0,17604.73,73.0,190,0.15263157894736842
2021-03-01,10.0,22,17,11,2800.0,5123.15,23.0,190,0.11578947368421053
2021-03-01,11.0,24,18,11,2800.0,11006.39,41.0,190,0.12631578947368421
2021-03-01,12.0,21,13,9,2400.0,7264.02,29.0,190,0.11052631578947368
2021-03-01,13.0,18,8,5,1300.0,7766.5599999999995,31.0,190,0.09473684210526316
2021-03-01,14.0,19,10,4,1100.0,7046.55,30.0,190,0.1
2021-03-01,15.0,23,12,5,1600.0,9546.380000000001,35.0,190,0.12105263157894737
2021-03-01,16.0,22,15,7,2300.0,9310.41,43.0,190,0.11578947368421053
2021-03-01,17.0,22,10,7,2000.0,7422.91,33.0,190,0.11578947368421053
2021-03-01,18.0,22,12,6,1500.0,12564.76,45.0,190,0.11578947368421053
2021-03-01,19.0,23,16,6,1500.0,8684.77,33.0,190,0.12105263157894737
2021-03-01,20.0,21,14,7,1700.0,12523.48,48.0,190,0.11052631578947368
2021-03-01,21.0,22,13,7,2200.0,11686.27,46.0,190,0.11578947368421053
2021-03-01,22.0,21,13,6,1500.0,10286.59,43.0,190,0.11052631578947368
2021-04-01,0.0,227,88,9,2900.0,64863.81,246.0,227,1.0
2021-04-01,1.0,145,56,15,4100.0,50676.49,189.0,227,0.6387665198237885
2021-04-01,2.0,98,46,18,5100.0,38902.51,155.0,227,0.43171806167400884
2021-04-01,3.0,63,39,19,4900.0,26298.59,100.0,227,0.2775330396475771
2021-04-01,4.0,38,24,12,3200.0,11588.27,43.0,227,0.16740088105726872
2021-04-01,5.0,32,17,9,2900.0,9733.39,39.0,227,0.14096916299559473
2021-04-01,6.0,24,18,9,3500.0,8600.470000000001,31.0,227,0.10572687224669604
2021-04-01,7.0,19,11,6,2400.0,11585.39,39.0,227,0.08370044052863436
2021-04-01,8.0,19,13,6,2400.0,5632.62,26.0,227,0.08370044052863436
2021-04-01,9.0,20,10,5,1900.0,9367.82,35.0,227,0.0881057268722467
2021-04-01,10.0,19,12,5,1600.0,7336.1900000000005,27.0,227,0.08370044052863436
2021-04-01,11.0,18,8,6,1800.0,8746.29,36.0,227,0.07929515418502203
2021-04-01,12.0,17,13,6,1800.0,7571.46,23.0,227,0.07488986784140969
2021-04-01,13.0,18,10,3,600.0,5164.5599999999995,24.0,227,0.07929515418502203
2021-04-01,14.0,15,5,2,400.0,2666.71,11.0,227,0.06607929515418502
2021-04-01,15.0,22,9,2,700.0,5550.0,28.0,227,0.09691629955947137
2021-04-01,16.0,27,19,6,2300.0,17944.64,71.0,227,0.11894273127753303
2021-04-01,17.0,27,11,7,2200.0,6673.09,30.0,227,0.11894273127753303
2021-04-01,18.0,22,9,7,2200.0,4470.4,17.0,227,0.09691629955947137
2021-04-01,19.0,18,13,7,2500.0,7147.4800000000005,30.0,227,0.07929515418502203
2021-04-01,20.0,17,12,6,1800.0,9033.74,33.0,227,0.07488986784140969
2021-04-01,21.0,15,9,5,1600.0,5612.3,24.0,227,0.06607929515418502
2021-05-01,0.0,154,58,6,2900.0,41228.33,166.0,154,1.0
2021-05-01,1.0,101,44,12,4700.0,36121.96,156.0,154,0.6558441558441559
2021-05-01,2.0,61,31,14,4600.0,21222.66,94.0,154,0.3961038961038961
2021-05-01,3.0,46,24,14,4900.0,17513.5,66.0,154,0.2987012987012987
2021-05-01,4.0,37,22,9,3000.0,13031.18,52.0,154,0.24025974025974026
2021-05-01,5.0,30,20,8,2500.0,12860.36,50.0,154,0.19480519480519481
2021-05-01,6.0,26,15,9,3000.0,5642.53,28.0,154,0.16883116883116883
2021-05-01,7.0,16,12,9,2700.0,2567.0,11.0,154,0.1038961038961039
2021-05-01,8.0,9,10,8,2200.0,1292.0,5.0,154,0.05844155844155844
2021-05-01,9.0,14,7,5,1900.0,2781.2,10.0,154,0.09090909090909091
2021-05-01,10.0,10,9,5,1600.0,3970.23,19.0,154,0.06493506493506493
2021-05-01,11.0,8,8,5,1600.0,3363.0,9.0,154,0.05194805194805195
2021-05-01,12.0,13,10,3,1200.0,3671.0,15.0,154,0.08441558441558442
2021-05-01,13.0,11,4,2,700.0,2506.0,5.0,154,0.07142857142857142
2021-05-01,14.0,6,4,0,0.0,1900.0,7.0,154,0.03896103896103896
2021-05-01,15.0,8,2,0,0.0,2062.0,6.0,154,0.05194805194805195
2021-05-01,16.0,10,4,0,0.0,3140.0,11.0,154,0.06493506493506493
2021-05-01,17.0,11,5,0,0.0,4852.0,17.0,154,0.07142857142857142
2021-05-01,18.0,14,7,1,200.0,6099.16,26.0,154,0.09090909090909091
2021-05-01,19.0,11,5,3,900.0,1279.0,5.0,154,0.07142857142857142
2021-05-01,20.0,9,8,3,900.0,6719.45,21.0,154,0.05844155844155844
2021-06-01,0.0,304,104,18,5900.0,85693.41,339.0,304,1.0
2021-06-01,1.0,200,89,29,9800.0,75158.49,298.0,304,0.6578947368421053
2021-06-01,2.0,134,74,27,8100.0,59549.44,238.0,304,0.4407894736842105
2021-06-01,3.0,88,51,28,8300.0,34602.34,138.0,304,0.2894736842105263
2021-06-01,4.0,63,45,23,7000.0,28266.23,119.0,304,0.20723684210526316
2021-06-01,5.0,53,37,19,5900.0,21810.510000000002,81.0,304,0.17434210526315788
2021-06-01,6.0,40,29,19,5900.0,17741.2,72.0,304,0.13157894736842105
2021-06-01,7.0,33,25,15,4800.0,8718.42,36.0,304,0.10855263157894737
2021-06-01,8.0,33,20,11,4000.0,10206.52,31.0,304,0.10855263157894737
2021-06-01,9.0,30,20,9,3000.0,12132.61,47.0,304,0.09868421052631579
2021-06-01,10.0,25,15,7,2600.0,7133.8,28.0,304,0.08223684210526316
2021-06-01,11.0,20,14,6,2400.0,5779.0,24.0,304,0.06578947368421052
2021-06-01,12.0,18,8,5,1900.0,3556.8,18.0,304,0.05921052631578947
2021-06-01,13.0,24,9,4,1700.0,6068.5,21.0,304,0.07894736842105263
2021-06-01,14.0,28,14,4,1700.0,8638.8,31.0,304,0.09210526315789473
2021-06-01,15.0,28,12,3,1200.0,2999.0,18.0,304,0.09210526315789473
2021-06-01,16.0,31,15,4,1400.0,9047.1,34.0,304,0.10197368421052631
2021-06-01,17.0,21,6,3,900.0,4818.7,15.0,304,0.06907894736842106
2021-06-01,18.0,19,8,4,1100.0,8914.09,36.0,304,0.0625
2021-06-01,19.0,16,6,4,1100.0,2099.0,10.0,304,0.05263157894736842
2021-07-01,0.0,309,98,21,5400.0,89665.72,361.0,309,1.0
2021-07-01,1.0,207,91,31,8000.0,76245.66,280.0,309,0.6699029126213593
2021-07-01,2.0,131,67,26,7300.0,47352.5,178.0,309,0.42394822006472493
2021-07-01,3.0,87,53,28,7700.0,31478.23,136.0,309,0.2815533980582524
2021-07-01,4.0,60,39,23,6100.0,13565.17,64.0,309,0.1941747572815534
2021-07-01,5.0,51,33,19,5300.0,18020.13,57.0,309,0.1650485436893204
2021-07-01,6.0,37,29,20,6000.0,11635.060000000001,56.0,309,0.11974110032362459
2021-07-01,7.0,30,27,18,5400.0,9888.01,43.0,309,0.0970873786407767
2021-07-01,8.0,24,23,15,4800.0,7066.07,31.0,309,0.07766990291262135
2021-07-01,9.0,25,18,13,3800.0,10873.630000000001,49.0,309,0.08090614886731391
2021-07-01,10.0,22,16,10,3200.0,5127.1,26.0,309,0.07119741100323625
2021-07-01,11.0,29,19,7,2000.0,9071.16,34.0,309,0.09385113268608414
2021-07-01,12.0,20,15,8,2200.0,12503.47,51.0,309,0.06472491909385113
2021-07-01,13.0,18,8,6,2300.0,4452.93,17.0,309,0.05825242718446602
2021-07-01,14.0,25,11,5,2100.0,5105.0,20.0,309,0.08090614886731391
2021-07-01,15.0,20,7,3,900.0,2310.0,8.0,309,0.06472491909385113
2021-07-01,16.0,26,14,8,2800.0,14008.55,59.0,309,0.08414239482200647
2021-07-01,17.0,24,13,7,2300.0,9167.86,42.0,309,0.07766990291262135
2021-07-01,18.0,23,12,4,1100.0,7679.0,27.0,309,0.0744336569579288
2021-08-01,0.0,2202,774,108,30000.0,607764.93,2435.0,2202,1.0
2021-08-01,1.0,1294,529,166,47500.0,413819.23,1650.0,2202,0.5876475930971844
2021-08-01,2.0,794,416,182,51700.0,318498.5,1272.0,2202,0.3605812897366031
2021-08-01,3.0,510,318,192,54900.0,190419.94,777.0,2202,0.23160762942779292
2021-08-01,4.0,358,246,154,46900.0,133481.26,517.0,2202,0.16257947320617622
2021-08-01,5.0,259,205,126,39000.0,90386.92,375.0,2202,0.11762034514078111
2021-08-01,6.0,216,170,112,33900.0,83821.18,340.0,2202,0.09809264305177112
2021-08-01,7.0,191,156,101,31000.0,97302.76,342.0,2202,0.08673932788374206
2021-08-01,8.0,167,127,83,26000.0,72262.7,271.0,2202,0.07584014532243415
2021-08-01,9.0,161,125,77,24500.0,69988.64,280.0,2202,0.07311534968210717
2021-08-01,10.0,147,108,73,23300.0,61041.24,233.0,2202,0.0667574931880109
2021-08-01,11.0,147,104,67,19900.0,55756.14,229.0,2202,0.0667574931880109
2021-08-01,12.0,163,110,66,19700.0,59121.22,240.0,2202,0.0740236148955495
2021-08-01,13.0,171,95,52,15200.0,65366.61,240.0,2202,0.0776566757493188
2021-08-01,14.0,168,89,42,12300.0,49057.16,197.0,2202,0.07629427792915532
2021-08-01,15.0,160,89,42,12300.0,58646.12,233.0,2202,0.07266121707538602
2021-08-01,16.0,161,96,51,15500.0,76528.34,315.0,2202,0.07311534968210717
2021-08-01,17.0,156,91,48,14900.0,69187.28,273.0,2202,0.07084468664850137
2021-09-01,0.0,121,45,5,1000.0,39777.61,151.0,121,1.0
2021-09-01,1.0,65,32,8,1900.0,27211.510000000002,115.0,121,0.5371900826446281
2021-09-01,2.0,42,17,9,2100.0,10455.35,45.0,121,0.34710743801652894
2021-09-01,3.0,30,17,9,2100.0,11617.43,48.0,121,0.24793388429752067
2021-09-01,4.0,22,14,6,1500.0,9502.34,41.0,121,0.18181818181818182
2021-09-01,5.0,15,11,6,1500.0,4178.0,16.0,121,0.12396694214876033
2021-09-01,6.0,12,10,5,1300.0,6778.0,14.0,121,0.09917355371900827
2021-09-01,7.0,8,6,4,1100.0,2301.5699999999997,9.0,121,0.06611570247933884
2021-09-01,8.0,9,4,4,800.0,6758.96,24.0,121,0.0743801652892562
2021-09-01,9.0,9,7,5,1000.0,3774.24,15.0,121,0.0743801652892562
2021-09-01,10.0,8,6,5,1000.0,2170.56,13.0,121,0.06611570247933884
2021-09-01,11.0,12,5,5,1300.0,5291.22,24.0,121,0.09917355371900827
2021-09-01,12.0,13,10,7,1700.0,6566.21,22.0,121,0.10743801652892562
2021-09-01,13.0,13,10,7,1700.0,3017.0,9.0,121,0.10743801652892562
2021-09-01,14.0,11,5,5,1300.0,5242.85,17.0,121,0.09090909090909091
2021-09-01,15.0,8,8,5,1300.0,4153.13,18.0,121,0.06611570247933884
2021-09-01,16.0,6,4,3,900.0,2123.66,13.0,121,0.049586776859504134
2021-10-01,0.0,187,70,7,2000.0,47336.48,185.0,187,1.0
2021-10-01,1.0,106,46,13,4000.0,32507.82,130.0,187,0.5668449197860963
2021-10-01,2.0,53,27,13,3500.0,17977.08,75.0,187,0.28342245989304815
2021-10-01,3.0,34,26,16,4100.0,15776.560000000001,69.0,187,0.18181818181818182
2021-10-01,4.0,22,18,14,3400.0,6830.53,31.0,187,0.11764705882352941
2021-10-01,5.0,14,14,10,2300.0,4709.66,23.0,187,0.0748663101604278
2021-10-01,6.0,16,15,11,2800.0,9664.99,37.0,187,0.0855614973262032
2021-10-01,7.0,17,15,8,2200.0,3802.0,18.0,187,0.09090909090909091
2021-10-01,8.0,11,9,6,1500.0,2871.0,6.0,187,0.058823529411764705
2021-10-01,9.0,9,10,7,1700.0,4479.28,16.0,187,0.0481283422459893
2021-10-01,10.0,9,7,5,1300.0,1673.3,9.0,187,0.0481283422459893
2021-10-01,11.0,13,9,4,1100.0,5746.67,17.0,187,0.06951871657754011
2021-10-01,12.0,10,8,4,1100.0,2364.0,11.0,187,0.053475935828877004
2021-10-01,13.0,11,7,5,1800.0,2660.3,10.0,187,0.058823529411764705
2021-10-01,14.0,12,10,3,1400.0,6234.6,26.0,187,0.06417112299465241
2021-10-01,15.0,14,6,2,1200.0,1387.0,6.0,187,0.0748663101604278
2021-11-01,0.0,132,49,2,700.0,36157.01,141.0,132,1.0
2021-11-01,1.0,84,41,8,2500.0,29212.97,107.0,132,0.6363636363636364
2021-11-01,2.0,50,22,9,3000.0,11776.85,50.0,132,0.3787878787878788
2021-11-01,3.0,30,20,8,2500.0,13831.39,57.0,132,0.22727272727272727
2021-11-01,4.0,19,13,9,2700.0,9368.65,36.0,132,0.14393939393939395
2021-11-01,5.0,20,13,6,1800.0,7480.6900000000005,26.0,132,0.15151515151515152
2021-11-01,6.0,14,8,5,1800.0,5702.64,31.0,132,0.10606060606060606
2021-11-01,7.0,16,8,5,1500.0,10866.31,42.0,132,0.12121212121212122
2021-11-01,8.0,16,5,4,1300.0,6527.969999999999,27.0,132,0.12121212121212122
2021-11-01,9.0,8,5,4,1300.0,2391.66,12.0,132,0.06060606060606061
2021-11-01,10.0,6,4,2,400.0,2986.34,14.0,132,0.045454545454545456
2021-11-01,11.0,10,6,2,400.0,2554.0,10.0,132,0.07575757575757576
2021-11-01,12.0,9,4,3,600.0,1382.13,5.0,132,0.06818181818181818
2021-11-01,13.0,12,7,3,600.0,4247.87,17.0,132,0.09090909090909091
2021-11-01,14.0,11,3,1,200.0,497.0,2.0,132,0.08333333333333333
2021-12-01,0.0,57,21,4,1300.0,20795.88,79.0,57,1.0
2021-12-01,1.0,36,17,7,1900.0,12455.94,55.0,57,0.631578947368421
2021-12-01,2.0,18,11,7,1700.0,2196.7,11.0,57,0.3157894736842105
2021-12-01,3.0,11,9,8,1900.0,5985.75,26.0,57,0.19298245614035087
2021-12-01,4.0,5,8,6,1200.0,3349.0,11.0,57,0.08771929824561403
2021-12-01,5.0,7,5,3,600.0,2180.0,6.0,57,0.12280701754385964
2021-12-01,6.0,7,3,3,600.0,0.0,0.0,57,0.12280701754385964
2021-12-01,7.0,6,2,0,0.0,1097.0,4.0,57,0.10526315789473684
2021-12-01,8.0,5,1,0,0.0,414.0,2.0,57,0.08771929824561403
2021-12-01,9.0,3,3,2,1000.0,2641.3999999999996,12.0,57,0.05263157894736842
2021-12-01,10.0,3,2,2,1000.0,0.0,0.0,57,0.05263157894736842
2021-12-01,11.0,3,4,2,1000.0,502.0,2.0,57,0.05263157894736842
2021-12-01,12.0,0,2,2,1000.0,0.0,0.0,57,0.0
2021-12-01,13.0,2,0,0,0.0,0.0,0.0,57,0.03508771929824561
2022-01-01,0.0,203,70,7,2300.0,56445.68,219.0,203,1.0
2022-01-01,1.0,112,48,16,5000.0,41758.45,157.0,203,0.5517241379310345
2022-01-01,2.0,58,29,15,4800.0,22565.94,92.0,203,0.2857142857142857
2022-01-01,3.0,33,27,18,6000.0,11861.58,55.0,203,0.1625615763546798
2022-01-01,4.0,30,17,12,3900.0,5272.66,17.0,203,0.1477832512315271
2022-01-01,5.0,26,13,6,1800.0,8330.94,35.0,203,0.12807881773399016
2022-01-01,6.0,23,19,7,2000.0,7397.41,36.0,203,0.11330049261083744
2022-01-01,7.0,15,14,5,1300.0,6476.0,25.0,203,0.07389162561576355
2022-01-01,8.0,14,7,3,600.0,6453.17,29.0,203,0.06896551724137931
2022-01-01,9.0,14,9,4,800.0,2935.62,15.0,203,0.06896551724137931
2022-01-01,10.0,17,7,4,800.0,8122.56,28.0,203,0.08374384236453201
2022-01-01,11.0,15,10,4,800.0,3193.0,14.0,203,0.07389162561576355
2022-01-01,12.0,13,10,3,600.0,3809.0,18.0,203,0.06403940886699508
2022-02-01,0.0,153,48,6,1500.0,37061.94,138.0,153,1.0
2022-02-01,1.0,91,30,7,2000.0,21089.73,70.0,153,0.5947712418300654
2022-02-01,2.0,48,19,9,2700.0,9121.28,34.0,153,0.3137254901960784
2022-02-01,3.0,28,22,10,2900.0,9723.65,50.0,153,0.1830065359477124
2022-02-01,4.0,22,17,7,1700.0,8739.9,30.0,153,0.1437908496732026
2022-02-01,5.0,18,14,7,1700.0,8852.98,40.0,153,0.11764705882352941
2022-02-01,6.0,12,9,7,1700.0,4148.8099999999995,16.0,153,0.0784313725490196
2022-02-01,7.0,16,12,6,1500.0,5284.75,26.0,153,0.10457516339869281
2022-02-01,8.0,17,9,6,2000.0,2848.9,12.0,153,0.1111111111111111
2022-02-01,9.0,17,8,4,1600.0,3989.0,15.0,153,0.1111111111111111
2022-02-01,10.0,18,13,6,2300.0,8688.21,33.0,153,0.11764705882352941
2022-02-01,11.0,15,13,6,2300.0,3083.0,11.0,153,0.09803921568627451
2022-03-01,0.0,1886,668,91,28000.0,523408.39,2010.0,1886,1.0
2022-03-01,1.0,1168,511,140,42900.0,375229.36,1515.0,1886,0.6193001060445387
2022-03-01,2.0,724,345,152,46900.0,255127.16,1029.0,1886,0.383881230116649
2022-03-01,3.0,485,296,152,46800.0,185391.97,727.0,1886,0.25715800636267233
2022-03-01,4.0,341,215,114,34200.0,114967.57,492.0,1886,0.18080593849416754
2022-03-01,5.0,268,174,99,29900.0,121312.43,489.0,1886,0.1420996818663839
2022-03-01,6.0,238,163,100,30400.0,104155.77,399.0,1886,0.1261930010604454
2022-03-01,7.0,187,121,78,24500.0,65771.15,254.0,1886,0.09915164369034994
2022-03-01,8.0,165,112,66,20100.0,63138.0,250.0,1886,0.08748674443266172
2022-03-01,9.0,164,108,62,19600.0,48702.21,212.0,1886,0.08695652173913043
2022-03-01,10.0,153,94,60,19100.0,49216.47,204.0,1886,0.08112407211028633
2022-04-01,0.0,224,81,13,3800.0,80520.85,325.0,224,1.0
2022-04-01,1.0,151,62,18,5300.0,52136.659999999996,207.0,224,0.6741071428571429
2022-04-01,2.0,105,53,23,6900.0,48052.86,187.0,224,0.46875
2022-04-01,3.0,79,45,26,7000.0,33185.16,138.0,224,0.35267857142857145
2022-04-01,4.0,59,31,20,5200.0,22684.41,76.0,224,0.26339285714285715
2022-04-01,5.0,45,29,20,5200.0,11437.53,61.0,224,0.20089285714285715
2022-04-01,6.0,31,28,16,4100.0,13640.51,53.0,224,0.13839285714285715
2022-04-01,7.0,19,15,10,2600.0,6439.83,30.0,224,0.08482142857142858
2022-04-01,8.0,19,15,8,2200.0,4653.15,20.0,224,0.08482142857142858
2022-04-01,9.0,16,12,7,1700.0,2439.0,12.0,224,0.07142857142857142
2022-05-01,0.0,141,43,6,1800.0,28388.8,112.0,141,1.0
2022-05-01,1.0,100,26,6,1800.0,20025.93,83.0,141,0.7092198581560284
2022-05-01,2.0,66,26,7,2600.0,16680.81,67.0,141,0.46808510638297873
2022-05-01,3.0,49,30,8,2800.0,17640.15,69.0,141,0.3475177304964539
2022-05-01,4.0,29,14,5,1900.0,15185.5,51.0,141,0.20567375886524822
2022-05-01,5.0,20,9,5,1900.0,7060.82,26.0,141,0.14184397163120568
2022-05-01,6.0,16,9,7,2300.0,9389.07,34.0,141,0.11347517730496454
2022-05-01,7.0,12,10,5,1600.0,2651.0,12.0,141,0.0851063829787234
2022-05-01,8.0,13,9,3,1200.0,4058.0,17.0,141,0.09219858156028368
2022-06-01,0.0,299,103,9,2100.0,84082.63,320.0,299,1.0
2022-06-01,1.0,198,85,18,4500.0,62554.3,251.0,299,0.6622073578595318
2022-06-01,2.0,124,58,19,4700.0,41900.18,169.0,299,0.41471571906354515
2022-06-01,3.0,85,56,25,6500.0,41230.15,162.0,299,0.2842809364548495
2022-06-01,4.0,65,36,22,6300.0,25849.74,111.0,299,0.21739130434782608
2022-06-01,5.0,58,31,20,5700.0,28261.22,104.0,299,0.1939799331103679
2022-06-01,6.0,42,29,20,5700.0,9092.54,43.0,299,0.14046822742474915
2022-06-01,7.0,35,32,17,5100.0,15272.82,71.0,299,0.11705685618729098
2022-07-01,0.0,3625,1316,181,53600.0,1049159.61,4097.0,3625,1.0
2022-07-01,1.0,2313,973,291,85200.0,749638.06,2946.0,3625,0.6380689655172413
2022-07-01,2.0,1534,742,308,87600.0,584259.55,2224.0,3625,0.42317241379310344
2022-07-01,3.0,1045,623,322,93500.0,420654.2,1659.0,3625,0.2882758620689655
2022-07-01,4.0,755,498,269,77900.0,326662.42,1286.0,3625,0.2082758620689655
2022-07-01,5.0,571,386,234,68700.0,242889.81,936.0,3625,0.15751724137931034
2022-07-01,6.0,440,329,212,62600.0,197614.54,752.0,3625,0.12137931034482759
2022-08-01,0.0,311,99,16,5300.0,75943.59,295.0,311,1.0
2022-08-01,1.0,210,78,24,8000.0,51683.92,210.0,311,0.6752411575562701
2022-08-01,2.0,142,61,19,6700.0,43382.78,176.0,311,0.4565916398713826
2022-08-01,3.0,102,61,26,9000.0,46895.62,177.0,311,0.3279742765273312
2022-08-01,4.0,74,41,24,8000.0,29110.28,115.0,311,0.2379421221864952
2022-08-01,5.0,55,37,21,6900.0,26735.440000000002,87.0,311,0.17684887459807075
2022-09-01,0.0,84,31,9,2400.0,51088.8,170.0,84,1.0
2022-09-01,1.0,52,25,11,2800.0,11668.49,50.0,84,0.6190476190476191
2022-09-01,2.0,36,17,9,2400.0,10148.21,49.0,84,0.42857142857142855
2022-09-01,3.0,30,19,9,2400.0,14171.76,46.0,84,0.35714285714285715
2022-09-01,4.0,24,13,5,1000.0,8794.47,30.0,84,0.2857142857142857
2022-10-01,0.0,203,69,9,2700.0,49399.26,201.0,203,1.0
2022-10-01,1.0,124,59,18,5700.0,51454.66,213.0,203,0.6108374384236454
2022-10-01,2.0,85,48,21,6600.0,44335.2,172.0,203,0.4187192118226601
2022-10-01,3.0,64,38,20,6600.0,21021.170000000002,82.0,203,0.31527093596059114
2022-11-01,0.0,1099,374,46,14500.0,302209.72,1169.0,1099,1.0
2022-11-01,1.0,776,312,88,26500.0,251616.74,1020.0,1099,0.7060964513193813
2022-11-01,2.0,528,256,98,29400.0,221964.26,844.0,1099,0.48043676069153773
2022-12-01,0.0,65,21,2,700.0,12070.85,56.0,65,1.0
2022-12-01,1.0,52,23,4,1400.0,24009.69,82.0,65,0.8
2023-01-01,0.0,2201,823,108,34000.0,639329.0,2477.0,2201,1.0
